passenger_id,first_name,last_name,age,gender,date_of_birth,aadhaar_masked,email_hashed,phone_hashed
P1000,Vivaan,Chatterjee,52,F,1974-04-08,XXXX-XXXX-6001,86ebf4745fa9,d254e34512e7
P1001,Krishna,Reddy,15,M,2011-03-07,XXXX-XXXX-2654,177441282409,c1c4f343ca8c
P1002,Myra,Naidu,72,M,1954-09-10,XXXX-XXXX-8161,884533acfd5c,bbb0f22af3e0
P1003,Myra,Mishra,61,F,1965-03-12,XXXX-XXXX-6475,844b61f75011,a0ae77b555b8
P1004,Saanvi,Banerjee,21,M,2005-11-11,XXXX-XXXX-6483,3d941c6227ef,7428193446b1
P1005,Reyansh,Joshi,83,M,1943-03-09,XXXX-XXXX-3767,91a28ca5ed6e,3d634eb76aee
P1006,Kavya,Nair,87,M,1939-02-25,XXXX-XXXX-3287,8ee9bc9a46aa,84c34ab81187
P1007,Sara,Joshi,75,M,1951-11-24,XXXX-XXXX-8480,101ada030e5a,5e7548974052
P1008,Kavya,Pillai,75,M,1951-11-10,XXXX-XXXX-8281,e7346ba97e67,c9edda5c6700
P1009,Sai,Kulkarni,88,M,1938-04-02,XXXX-XXXX-0154,b8cd0291778e,1e36f4643c66
P1010,Sai,Agarwal,24,M,2002-04-18,XXXX-XXXX-4896,10f1681e7e0d,d955cbb2ec31
P1011,Sara,Naidu,3,M,2023-04-19,XXXX-XXXX-5098,1221ed9d8154,4b0a70786786
P1012,Arjun,Patel,22,M,2004-03-24,XXXX-XXXX-4738,6f59b96974cf,b29a0aff2037
P1013,Sara,Iyer,53,M,1973-01-13,XXXX-XXXX-6701,278d6fdec8ac,6dc7be6e86bf
P1014,Anika,Banerjee,2,F,2024-09-04,XXXX-XXXX-7317,42c56f5aac6e,8be5283cb5b4
P1015,Aadhya,Verma,88,F,1938-05-26,XXXX-XXXX-2606,9b4fc6db9b06,1fa01e8a7d1c
P1016,Vivaan,Naidu,30,M,1996-01-19,XXXX-XXXX-8050,0d5594d60bdd,d847ac0dfff4
P1017,Reyansh,Chatterjee,38,F,1988-10-02,XXXX-XXXX-1939,50890e10e1d0,e6092ce340bc
P1018,Ira,Ghosh,2,F,2024-08-11,XXXX-XXXX-4624,6967c717bc43,861663d826e8
P1019,Diya,Patel,64,M,1962-06-10,XXXX-XXXX-2513,7ba77c2a9053,ca569bc14aa1
P1020,Ananya,Khan,60,M,1966-12-18,XXXX-XXXX-2411,afb2e1c4e47d,aa18e8b0e406
P1021,Kavya,Naidu,21,M,2005-01-01,XXXX-XXXX-0164,2139c3d2042e,745088b6aa9e
P1022,Shaurya,Joshi,33,F,1993-06-19,XXXX-XXXX-1280,7069b1f1c50b,e97d7e19a009
P1023,Aditya,Patel,76,F,1950-10-24,XXXX-XXXX-1586,9b347392762f,33a756f26ee4
P1024,Vivaan,Sharma,58,M,1968-08-08,XXXX-XXXX-2160,ac2da0cfcc26,ecb97524858e
P1025,Aarav,Chatterjee,22,M,2004-07-22,XXXX-XXXX-1458,2b2aa90b695c,fcd799c3dae4
P1026,Ira,Ghosh,89,M,1937-10-17,XXXX-XXXX-6556,140370234cbf,71e65de14447
P1027,Reyansh,Banerjee,49,F,1977-10-11,XXXX-XXXX-5615,e7f25246b0df,4b63e041cdee
P1028,Aadhya,Mishra,59,F,1967-10-10,XXXX-XXXX-6629,70e00862c767,595e070a1131
P1029,Diya,Ghosh,42,F,1984-12-06,XXXX-XXXX-7387,ae0bfed09d05,8b84e3d11402
P1030,Aditya,Kulkarni,60,F,1966-10-28,XXXX-XXXX-0037,4562669bc08a,a7ef2bdbeaef
P1031,Shaurya,Patel,80,M,1946-12-17,XXXX-XXXX-1632,04db5a9ca499,c0420a5c3707
P1032,Kavya,Gupta,15,M,2011-07-27,XXXX-XXXX-5798,6647c7526ead,88931f1759af
P1033,Aadhya,Kulkarni,62,M,1964-04-09,XXXX-XXXX-4714,3774ecabdc6c,6aec655d7ca5
P1034,Ishaan, Iyer,62,M,1964-08-14,XXXX-XXXX-6658,500e0cb7a42b,e63e2d3e1c49
P1034,Ishaan,Iyer,62,M,1964-09-24,XXXX-XXXX-5466,6fb32492afe3,3e52d058224f
P1035,Vivaan,Ghosh,47,F,1979-09-01,XXXX-XXXX-2729,3b1c2f4f2689,807e351fa9e2
P1036,Riya,Reddy,62,F,1964-07-09,XXXX-XXXX-3755,01389149240f,cdc62ba092d5
P1037,Muhammad,Ghosh,51,M,1975-01-20,XXXX-XXXX-0033,6ce6d3a359fc,442713bde5ab
P1038,Ira,Patel,55,M,1971-05-04,XXXX-XXXX-9912,eeaea724b95d,b1b571ec9e69
P1039,Shaurya,Agarwal,64,F,1962-01-12,XXXX-XXXX-4919,49d1d02cdce4,6b247ec99d8b
P1040,Muhammad,Joshi,3,M,2023-07-06,XXXX-XXXX-6572,a31aeee6cfdf,ea7ca1b9aea4
P1041,Shaurya,Gupta,51,F,1975-08-19,XXXX-XXXX-1473,44ab92ea8132,f0f51b178572
P1042,Arjun,Kulkarni,7,M,2019-09-01,XXXX-XXXX-5494,a1c36397db79,5373b139047a
P1043,Arjun,Reddy,21,M,2005-07-23,XXXX-XXXX-0143,9e23f5c13a92,f55165de25da
P1044,Sai,Iyer,73,M,1953-05-09,XXXX-XXXX-5574,aedc8851db10,19570148a435
P1045,Kavya,Reddy,39,M,1987-05-04,XXXX-XXXX-4989,e2c37ad62066,42ca50b3e737
P1046,Saanvi,Sharma,18,M,2008-11-28,XXXX-XXXX-0842,5716da2be655,6cd5397296f9
P1047,Ishaan,Chatterjee,4,M,2022-07-16,XXXX-XXXX-4711,c48110ec26f7,0e0498b27832
P1048,Sai,Mishra,89,M,1937-09-13,XXXX-XXXX-9993,da1c8683f669,87611026ae53
P1049,Aadhya,Joshi,60,F,1966-03-08,XXXX-XXXX-3341,2be5696e5cbe,42ea9521138e
P1050,Aarav,Das,14,F,2012-11-08,XXXX-XXXX-4471,bdd4e604fb02,6b746a5a17de
P1051,Aadhya,Chatterjee,9,F,2017-05-15,XXXX-XXXX-2499,efae2ff6fb08,e285025df08c
P1052,Sai,Khan,53,F,1973-10-09,XXXX-XXXX-9065,e7b8d27cec31,4f082e8621f2
P1053,Myra,Banerjee,2,F,2024-10-14,XXXX-XXXX-8742,ae22ea97ac33,13579b4e261d
P1054,Muhammad,Patel,84,M,1942-01-15,XXXX-XXXX-7468,90561819fc9a,e2218daf502e
P1055,Ishaan,Chatterjee,60,M,1966-10-25,XXXX-XXXX-0385,33f1025646c1,4b456f5ba479
P1056,Saanvi,Das,71,F,1955-12-06,XXXX-XXXX-1093,e4004fcda79f,6b9c3046c460
P1057,Ishaan,Gupta,44,M,1982-08-16,XXXX-XXXX-4846,213ef0c703dd,8079f352849a
P1058,Diya,Mehta,8,F,2018-01-10,XXXX-XXXX-6584,302010b6422a,1347c678df4d
P1059,Ishaan,Banerjee,47,F,1979-10-13,XXXX-XXXX-7533,9b5efe6e7859,9a0668ff81eb
P1060,Riya,Singh,35,M,1991-08-04,XXXX-XXXX-8951,c7e8a453ccd5,e18cb022115c
P1061,Sai,Ghosh,78,M,1948-07-11,XXXX-XXXX-6158,4f001d07251c,11b4de5b4e34
P1062,Aarav,Singh,81,M,1945-01-11,XXXX-XXXX-7240,31980a648af3,7286fc794d38
P1063,Shaurya,Mishra,36,F,1990-07-20,XXXX-XXXX-2219,e1d6e213de10,1d109133afce
P1064,Kavya,Kulkarni,50,M,1976-08-12,XXXX-XXXX-4821,fe81591bc9ae,a25b2ee2adc2
P1065,Ishaan,Kulkarni,4,F,2022-10-10,XXXX-XXXX-3695,4bd72edad763,e98637d0d0fa
P1066,Riya,Singh,2,F,2024-11-07,XXXX-XXXX-3953,b4ca7f740b89,1eb130273290
P1067,Reyansh,Pillai,6,F,2020-12-14,XXXX-XXXX-2145,cd0ded115cb4,65799cb34c9d
P1068,Sai,Banerjee,54,M,1972-02-05,XXXX-XXXX-4517,a47bc48fd316,31422d33662e
P1069,Krishna,Nair,4,M,2022-07-27,XXXX-XXXX-7549,448440d2d7c3,c0a92e1bb55f
P1070,Ira,Sharma,54,F,1972-02-05,XXXX-XXXX-1746,870996ccf142,084cf335e10b
P1071,Saanvi,Ghosh,63,M,1963-12-24,XXXX-XXXX-5869,2c0cc34e8660,92593d1b403f
P1072,Krishna,Banerjee,18,M,2008-02-22,XXXX-XXXX-7735,d2a1469137a5,ed6c21bcb6bf
P1073,Ananya,Pillai,44,M,1982-03-26,XXXX-XXXX-0053,42e76e47fee1,2cdd7e13e914
P1074,Riya,Patel,34,F,1992-09-09,XXXX-XXXX-0422,adcab2bb3367,0c4a581f4fda
P1075,Krishna,Khan,74,F,1952-12-14,XXXX-XXXX-2402,7e729192b9b2,059efe0d216f
P1076,Kavya,Joshi,62,M,1964-12-26,XXXX-XXXX-8390,7d6d22ee4842,f14f28aa646d
P1077,Myra,Singh,14,F,2012-03-03,XXXX-XXXX-1159,a144a264e509,7e914671afcb
P1078,Reyansh,Reddy,48,M,1978-12-04,XXXX-XXXX-8961,80e62b5cf2d5,d4c64038d689
P1079,Diya,Mishra,15,M,2011-06-05,XXXX-XXXX-5654,1652edb2a206,8157dd43a01c
P1080,Shaurya,Chatterjee,72,M,1954-11-04,XXXX-XXXX-9885,488af8cc6570,fcabfe6d94bb
P1081,Kavya,Ghosh,78,M,1948-04-28,XXXX-XXXX-8327,59d8a47e8814,182b0caacdfb
P1082,Sai,Joshi,87,F,1939-11-27,XXXX-XXXX-9809,8acd0a8b21d7,53b7f0ebee5c
P1083,Arjun,Banerjee,62,F,1964-02-24,XXXX-XXXX-6120,b3e22f8bf5bc,7a9052098010
P1084,Aditya,Patel,40,F,1986-03-25,XXXX-XXXX-9102,1432d1ec6086,bd0aac9a8959
P1085,Diya,Naidu,85,M,1941-06-14,XXXX-XXXX-4381,c6979849f9f8,d94dc15620c0
P1086,Vivaan,Chatterjee,80,M,1946-04-25,XXXX-XXXX-0034,f3b5069dac57,670dc7d56e09
P1087,Vivaan,Sharma,82,M,1944-11-26,XXXX-XXXX-8388,a49dd3460ff2,c5e2439d10a6
P1088,Ira,Chatterjee,53,F,1973-02-13,XXXX-XXXX-9664,648b3abde06f,b0ca312787a8
P1089,Ishaan,Mishra,24,M,2002-07-28,XXXX-XXXX-9681,1205b871c806,f8befc0be7fd
P1090,Vivaan,Reddy,26,F,2000-02-05,XXXX-XXXX-5523,1f946134a963,33872bd798a8
P1091,Ira,Sharma,89,F,1937-11-11,XXXX-XXXX-7995,9a58cf716c93,27e5f8787dc3
P1092,Reyansh,Verma,60,F,1966-01-02,XXXX-XXXX-1477,bcf68293e4e4,a4095c5359c5
P1093,Anika,Pillai,41,F,1985-06-20,XXXX-XXXX-0793,3c98e47901c6,05c9a32e5a44
P1094,Kavya,Agarwal,29,F,1997-10-06,XXXX-XXXX-7788,ee25c9e416e3,cf05758b4dfe
P1095,Anika,Verma,15,F,2011-05-24,XXXX-XXXX-1864,cf42487763e0,6253ec426933
P1096,Myra,Agarwal,45,M,1981-11-26,XXXX-XXXX-1486,c56256788652,b94ce786a8b4
P1097,Shaurya,Mehta,65,M,1961-04-08,XXXX-XXXX-2357,0ba9bede70e4,7c7370611a95
P1098,Reyansh,Chatterjee,89,F,1937-03-06,XXXX-XXXX-2962,f6ad79df8d09,2d8dd7e8a0f7
P1099,Vivaan,Agarwal,71,F,1955-05-26,XXXX-XXXX-7383,b58462b7526e,5d141763f86a
P1100,Muhammad,Joshi,9,M,2017-05-02,XXXX-XXXX-2392,07e2c002cb8f,7d8cca4c2c48
P1101,Shaurya,Agarwal,88,F,1938-04-27,XXXX-XXXX-8261,c091164a8089,e9718a56aa5f
P1102,Myra,Kulkarni,1,F,2025-02-27,XXXX-XXXX-5305,0381da06b9ae,1d2c34f126d1
P1102,Myra,Kulkarni,1,F,2025-03-18,XXXX-XXXX-1043,52a82152f5eb,114b36f824e6
P1103,Ishaan,Banerjee,8,M,2018-10-18,XXXX-XXXX-7117,cf46a8247e37,d55dff56af7d
P1104,Vivaan, Verma,88,F,1938-06-03,XXXX-XXXX-6218,98c59c28c61c,b6d86d185a39
P1104,Vivaan,Verma,88,F,1938-12-25,XXXX-XXXX-5319,47dd4b6a149d,a94521f5453c
P1104,Vivaan,Verma,88,F,1938-04-02,XXXX-XXXX-1704,ffde0f93cded,66576a07d64b
P1105,Muhammad,Singh,63,F,1963-05-04,XXXX-XXXX-4505,2cfcb9b64da3,3481a79c80ba
P1106,Sara,Nair,11,F,2015-07-20,XXXX-XXXX-4161,6a75aa5cd795,144098195c39
P1107,Anika,Joshi,81,M,1945-01-24,XXXX-XXXX-2757,1ff9214d59dd,599c0b26b9af
P1108,Ishaan,Kulkarni,8,M,2018-02-08,XXXX-XXXX-9702,b547fe9b5f81,9e8c8a980f7b
P1108,IshaanKulkarni,,8,M,2018-06-13,XXXX-XXXX-1928,7c92566326c2,943ba92c8ee6
P1109,Vivaan,Chatterjee,35,M,1991-10-10,XXXX-XXXX-4473,ccde312c818b,8b093ffddae6
P1110,Ira,Khan,35,F,1991-05-28,XXXX-XXXX-1884,4084a221e457,2a29594987e9
P1111,Krishna,Sharma,33,F,1993-06-15,XXXX-XXXX-0589,e6dcb1e14cd5,58be6a4c3d32
P1112,Sara,Mishra,5,M,2021-11-03,XXXX-XXXX-9125,8c22523fc045,57fae8959aa0
P1113,Anika,Pillai,41,F,1985-03-10,XXXX-XXXX-8018,1b7944c23fd1,87ddbba20bd3
P1114,Anika,Sharma,28,F,1998-09-03,XXXX-XXXX-4249,009af3463433,69742b1fddd6
P1115,Sara,Singh,7,F,2019-05-21,XXXX-XXXX-0109,12eec91e4408,913e02c74e4f
P1116,Vivaan,Ghosh,73,F,1953-03-15,XXXX-XXXX-4710,47ecc0464a87,a3c066153cff
P1117,Aarav,Pillai,72,F,1954-02-11,XXXX-XXXX-2588,d4f6578e8529,aa08ee1843f7
P1118,Vivaan,Reddy,12,M,2014-06-19,XXXX-XXXX-9632,8ec1cc774f5e,e0cdd8e2fec1
P1119,Aditya,Joshi,34,F,1992-04-07,XXXX-XXXX-1687,a45ce663eae5,a444e5366c1d
P1120,Aarav,Ghosh,33,M,1993-12-12,XXXX-XXXX-1624,368a2c2dfdbe,1d631897d624
P1121,Riya,Gupta,48,F,1978-09-09,XXXX-XXXX-1687,2b7ed5ff8b97,dbf896825359
P1122,Ananya,Verma,23,M,2003-01-02,XXXX-XXXX-9868,311e065ed3b4,b917a1875c15
P1123,Sara,Khan,62,F,1964-07-20,XXXX-XXXX-5952,5fa52790e022,8106e65771c6
P1124,Myra,Verma,88,M,1938-05-26,XXXX-XXXX-5169,7b5eedbb120e,49b0d0528846
P1125,Reyansh,Reddy,37,F,1989-01-19,XXXX-XXXX-9623,04af70a36681,59235f47f6ae
P1126,Ira,Gupta,44,M,1982-09-07,XXXX-XXXX-9702,3853011aa1b4,19b89221001b
P1127,Myra,Singh,86,F,1940-08-07,XXXX-XXXX-8549,817446129a14,1339db8c17ba
P1128,Diya,Patel,35,M,1991-02-19,XXXX-XXXX-5844,e1f64ba9a81f,216e2c7e79e8
P1129,Vivaan,Joshi,65,F,1961-09-09,XXXX-XXXX-4733,cca735022d1b,05caf2ea0a57
P1130,Shaurya,Sharma,47,M,1979-06-23,XXXX-XXXX-3016,3be66d2c296e,19d1c8da7a94
P1131,Shaurya,Banerjee,78,M,1948-02-21,XXXX-XXXX-4540,10c74edd7a2a,9c2eada2b956
P1132,Ishaan,Banerjee,3,F,2023-10-20,XXXX-XXXX-4004,d0545e3c9422,761ac591a00e
P1133,Sai,Banerjee,1,F,2025-12-15,XXXX-XXXX-3152,1ffbaa7c0ac6,c510c00af8ad
P1134,Ira,Verma,5,M,2021-11-04,XXXX-XXXX-8516,5e19f50f36c2,63e4d4eea6cc
P1135,Shaurya,Banerjee,14,F,2012-01-09,XXXX-XXXX-5499,c8a38d165313,9eeb48007d73
P1136,Aadhya,Verma,27,M,1999-04-05,XXXX-XXXX-4593,f105766e1e3b,9439615a927a
P1137,Aditya,Iyer,9,M,2017-09-23,XXXX-XXXX-9187,52d228063d20,493e2f402b3e
P1138,Saanvi,Mehta,79,M,1947-02-22,XXXX-XXXX-2587,cc905c4efdd4,06400c3c8448
P1139,Aarav,Agarwal,15,F,2011-11-26,XXXX-XXXX-9087,478461671297,ac5677c09b28
P1140,Shaurya,Singh,42,M,1984-08-02,XXXX-XXXX-1801,e132d289209c,ab37b6905a8b
P1140,Shaurya,Singh,42,M,1984-03-18,XXXX-XXXX-8251,cd115d0a7019,e33e819678be
P1141,Sai,Kulkarni,77,M,1949-06-05,XXXX-XXXX-6337,7ec3ad6314eb,e03e138710dd
P1141,SaiKulkarni,,77,M,1949-10-22,XXXX-XXXX-1907,e5a97c0218cf,0a6abfee1a0a
P1142,Saanvi,Naidu,51,F,1975-06-19,XXXX-XXXX-8439,0b5e4f95f20c,bfc860ef6de7
P1143,Arjun,Nair,63,F,1963-09-16,XXXX-XXXX-8926,3f62a6497419,22d808da7fee
P1144,Aadhya,Mehta,52,F,1974-04-10,XXXX-XXXX-2873,c8e6a371b0aa,38c02c2eff5f
P1145,Ananya,Pillai,4,F,2022-08-28,XXXX-XXXX-4351,e628b47fd378,8eac74801f6e
P1146,Krishna,Khan,23,M,2003-08-07,XXXX-XXXX-3983,c227bb173e36,5ab570d16a02
P1147,Reyansh,Pillai,15,M,2011-07-15,XXXX-XXXX-3854,b4f062ef201a,052054bae02d
P1148,Muhammad,Chatterjee,43,M,1983-01-19,XXXX-XXXX-3556,3754e74a6889,e07cd5d72348
P1149,Ishaan,Nair,29,M,1997-04-16,XXXX-XXXX-5369,a6678a9f5088,9d459d8bfaa0
P1150,Anika,Agarwal,36,F,1990-09-02,XXXX-XXXX-7280,8e0b1bc3c296,11d74d9ae6c4
P1151,Krishna,Sharma,13,M,2013-10-21,XXXX-XXXX-8750,876192aa78f7,b20c06aa94ab
P1152,Diya,Joshi,32,M,1994-01-17,XXXX-XXXX-8484,1e02bdd1e8d8,1be34cee039c
P1153,Ira,Kulkarni,71,F,1955-06-13,XXXX-XXXX-5461,59495c639d04,158583cb15dc
P1154,Myra,Chatterjee,59,M,1967-12-06,XXXX-XXXX-8700,8ef53a048e5a,240a7f2cca85
P1155,Diya,Naidu,86,M,1940-11-09,XXXX-XXXX-7401,9901b4dc54ed,9928266458d1
P1156,Reyansh,Mehta,28,M,1998-07-22,XXXX-XXXX-2939,338704418176,6df5301a10ff
P1157,Arjun,Agarwal,66,M,1960-10-13,XXXX-XXXX-1599,c0cdb7d10659,426055c3da9c
P1158,Muhammad,Joshi,42,M,1984-10-10,XXXX-XXXX-2961,c7178e853063,18ca3fa27e5c
P1159,Arjun,Banerjee,45,M,1981-06-25,XXXX-XXXX-1047,5fecffe34239,bdb3bfa81c3b
P1160,Ananya,Joshi,62,F,1964-09-03,XXXX-XXXX-1015,a65b1b626478,5b0a09a7c84f
P1161,Krishna,Agarwal,57,F,1969-03-09,XXXX-XXXX-8262,55b4a078c78c,c2309a2438f3
P1162,Reyansh,Reddy,6,M,2020-12-21,XXXX-XXXX-1543,40666f08d948,f719b281bf94
P1163,Anika,Naidu,28,M,1998-11-20,XXXX-XXXX-5756,692c6955e8ce,816683c28154
P1164,Sara,Kulkarni,28,F,1998-07-09,XXXX-XXXX-7935,c5c8dc53834b,3e07586c7692
P1165,Ira,Singh,44,M,1982-07-22,XXXX-XXXX-3741,60a561f42a30,3702db07886b
P1166,Krishna,Banerjee,84,M,1942-09-17,XXXX-XXXX-9796,4d3fcbeeb7fe,7f5e8755c3d1
P1167,Riya,Mehta,30,M,1996-06-26,XXXX-XXXX-9096,a6e2a1070eb1,f4cdfef7f4d1
P1168,Myra,Agarwal,62,F,1964-08-25,XXXX-XXXX-3756,6d2227a39490,1c03990afc9e
P1169,Krishna,Reddy,75,M,1951-04-17,XXXX-XXXX-5457,a5042dfe013d,0640d9e36218
P1170,Aditya,Mehta,89,F,1937-12-08,XXXX-XXXX-0512,2fa4298d5f50,e91ae272ded0
P1171,Ishaan,Banerjee,62,M,1964-12-20,XXXX-XXXX-2660,cce713e1b415,4763399b11af
P1172,Sara,Banerjee,1,F,2025-06-07,XXXX-XXXX-1825,597a3fb5fff0,210249e6909b
P1173,Aadhya,Mehta,27,F,1999-10-06,XXXX-XXXX-1557,d31fa94f753d,88f54b21d9a3
P1174,Shaurya,Naidu,62,M,1964-10-05,XXXX-XXXX-2866,9e06962aaa20,ec8e0e35b707
P1175,Muhammad,Mishra,77,F,1949-10-02,XXXX-XXXX-2257,b47d7e6034b0,699311b96458
P1176,Riya,Patel,3,M,2023-02-19,XXXX-XXXX-6772,2148aed2767e,2334a43df77a
P1177,Reyansh,Patel,70,F,1956-10-04,XXXX-XXXX-7881,0fde229255fb,f3ba83a459df
P1178,Kavya,Naidu,72,M,1954-02-15,XXXX-XXXX-0745,223b1683e79e,1ce95ed433a2
P1178,Kavyanaidu,,72,M,1954-09-09,XXXX-XXXX-3095,79e8b605d947,a47408dc68b5
P1179,Sai,Naidu,27,M,1999-04-05,XXXX-XXXX-0422,5c470f0119f8,115a7f44b9ea
P1180,Anika,Gupta,9,F,2017-12-09,XXXX-XXXX-1168,b8e599944da4,1844e26541b8
P1181,Shaurya,Chatterjee,62,M,1964-08-09,XXXX-XXXX-6363,83411cba2776,c1328875c462
P1182,Aarav,Das,37,M,1989-03-15,XXXX-XXXX-1701,5a18df67acfa,f60f294258d7
P1183,Shaurya,Pillai,51,F,1975-07-21,XXXX-XXXX-1520,957326d0b0c4,75366daaaf1a
P1184,Shaurya,Singh,44,M,1982-01-23,XXXX-XXXX-3870,7de2d02a6d9f,981b5c2c8d5c
P1185,Aditya,Kulkarni,24,M,2002-07-25,XXXX-XXXX-5542,1d01481af1db,549bc7bb1edc
P1186,Sara,Mishra,79,F,1947-04-03,XXXX-XXXX-2697,fb6cef664956,ec08ab98790c
P1187,Aditya,Das,59,F,1967-10-20,XXXX-XXXX-4138,7911091b5929,d883798f810b
P1188,Ananya,Agarwal,32,M,1994-07-04,XXXX-XXXX-4037,094ee2fc0df7,1bfe14f294ba
P1189,Aditya,Mehta,88,M,1938-11-06,XXXX-XXXX-9658,28645f2dc1f9,c42c3b61e50b
P1190,Aarav,Ghosh,52,F,1974-07-23,XXXX-XXXX-8486,92365d8d8764,d480de57be21
P1191,Aditya,Mishra,62,F,1964-06-13,XXXX-XXXX-8328,7d8a94821835,6e90c6f503e0
P1192,Aarav,Iyer,58,M,1968-11-24,XXXX-XXXX-9904,2a2e41bdb2d2,433332062e0b
P1193,Ira,Das,52,F,1974-12-04,XXXX-XXXX-2524,c3ebdaed0223,3a51e0e4d0fd
P1194,Ananya,Das,12,M,2014-08-28,XXXX-XXXX-7850,e2b5aece6639,e839ff765dde
P1195,Aditya,Das,39,M,1987-08-12,XXXX-XXXX-0030,c53d25a9b5b6,095f1b198298
P1196,Shaurya,Patel,2,M,2024-02-17,XXXX-XXXX-4195,d59ba5ebe8c6,50d8634486a7
P1197,Krishna,Nair,3,M,2023-06-07,XXXX-XXXX-1870,4fe12c670ed9,4b145ac403ae
P1198,Kavya,Naidu,56,M,1970-01-08,XXXX-XXXX-3206,5638af954cd7,45d6c246a9d6
P1199,Aditya,Pillai,81,F,1945-03-23,XXXX-XXXX-3670,a76a5ccc7edc,b147760bf9c1
P1200,Saanvi,Kulkarni,59,F,1967-10-19,XXXX-XXXX-8261,5c144774ad45,e32e0f0f0145
P1201,Myra,Reddy,2,F,2024-04-05,XXXX-XXXX-7431,d87681f2418b,72bf4ce48d92
P1202,Aarav,Mishra,2,F,2024-08-09,XXXX-XXXX-5374,c045c3f40326,e4996eef1f43
P1203,Aadhya,Nair,54,M,1972-11-10,XXXX-XXXX-5680,2d133d12b616,0d040e449178
P1204,Shaurya,Sharma,87,M,1939-04-05,XXXX-XXXX-2100,8cdb37af3795,e28d347903df
P1205,Sai,Naidu,1,M,2025-02-02,XXXX-XXXX-7215,7a2606005747,6577e4f3fcee
P1206,Diya,Banerjee,19,M,2007-05-15,XXXX-XXXX-5324,e155355b56c1,36018bf7a3a3
P1207,Sai,Ghosh,2,F,2024-03-14,XXXX-XXXX-0146,be84504ca940,a026e644c28b
P1208,Aarav,Joshi,53,M,1973-05-06,XXXX-XXXX-9856,81798484e217,1f5fc81af81b
P1209,Arjun,Mishra,44,M,1982-11-08,XXXX-XXXX-3213,03f9a6b69298,29bae200a30a
P1210,Saanvi,Sharma,32,F,1994-12-23,XXXX-XXXX-5590,36b33a69e945,df47be82acee
P1211,Ishaan,Agarwal,70,F,1956-01-17,XXXX-XXXX-0393,d03c1b774a89,17f3502fe1c2
P1212,Shaurya,Joshi,32,F,1994-09-28,XXXX-XXXX-2921,871a095dd1a4,fbcc887698cf
P1213,Sai,Pillai,68,F,1958-12-18,XXXX-XXXX-6752,edad5921307c,fe2edf5ced3d
P1214,Riya,Mishra,55,M,1971-03-20,XXXX-XXXX-9690,5b5346d79f71,b106a121d444
P1215,Ira,Naidu,75,M,1951-08-01,XXXX-XXXX-5215,0b1ebec750e6,523fc19511a5
P1216,Riya, Sharma,56,F,1970-07-12,XXXX-XXXX-6267,46ad0118007a,6182c613bc1f
P1216,Riya,Sharma,56,F,1970-02-11,XXXX-XXXX-0541,77e8f4f9d1a9,b30124299818
P1217,Krishna,Iyer,17,M,2009-03-02,XXXX-XXXX-6296,28644b99f5e9,70a34b81d8c3
P1218,Ira,Iyer,38,M,1988-09-27,XXXX-XXXX-1069,59e2157b0949,d683e21d6d86
P1219,Muhammad,Nair,24,M,2002-11-10,XXXX-XXXX-1032,11913ac25106,6bb532839dfa
P1220,Shaurya,Singh,69,F,1957-03-15,XXXX-XXXX-2565,ce8aa4bf4bcc,232db03de0df
P1221,Diya,Nair,70,M,1956-10-08,XXXX-XXXX-1586,8f856df9e276,32bd3308e384
P1222,Muhammad,Verma,86,F,1940-10-17,XXXX-XXXX-1608,44719e3ccf79,4eeed3f7886e
P1223,Sara,Das,11,M,2015-10-09,XXXX-XXXX-1632,d7d4121cb14a,b083dcacde12
P1224,Aadhya,Ghosh,16,M,2010-07-04,XXXX-XXXX-0998,f0ad69c28b32,bd02a263b5bf
P1225,Muhammad,Gupta,73,M,1953-07-21,XXXX-XXXX-8564,7797fa6a14f2,89594ebe33a1
P1226,Kavya,Chatterjee,59,F,1967-12-16,XXXX-XXXX-6530,4a2a25619b5f,b38ea55f7cef
P1227,Aadhya,Reddy,70,M,1956-12-14,XXXX-XXXX-4754,32dc0d40d9b3,981547690efa
P1228,Anika,Iyer,80,F,1946-07-05,XXXX-XXXX-2148,374de9840985,efffbd9c296e
P1229,Arjun,Das,3,F,2023-09-13,XXXX-XXXX-3457,133b078b2567,b0f2255e27c7
P1230,Kavya,Mehta,20,F,2006-12-27,XXXX-XXXX-5524,b0c3811c434c,4d3ac4b833bc
P1231,Riya,Das,59,M,1967-11-01,XXXX-XXXX-4680,baa10952f72b,3e1dc91dd360
P1232,Ishaan,Kulkarni,36,M,1990-05-07,XXXX-XXXX-6657,c57282c4e9e7,6c783ae21c6b
P1233,Ishaan,Agarwal,19,M,2007-05-22,XXXX-XXXX-8994,9c59a821599b,e6e52baa1d1c
P1234,Ananya,Banerjee,67,M,1959-07-22,XXXX-XXXX-8309,acc957e504a3,d6456318eb6e
P1235,Arjun,Ghosh,19,F,2007-12-23,XXXX-XXXX-9935,1c5242900be0,8571c27cfc78
P1236,Myra,Sharma,20,F,2006-03-22,XXXX-XXXX-7248,9b9079fb17ea,f8dff62ff93f
P1236,MyraSharma,,20,F,2006-01-28,XXXX-XXXX-4717,88554ae3f0f9,6b3b15024a2b
P1237,Ishaan,Kulkarni,71,F,1955-07-19,XXXX-XXXX-2235,c9d259d94887,dbecac3bc29a
P1238,Ishaan,Mishra,52,M,1974-10-25,XXXX-XXXX-7432,4207b2d4fab3,164a313501aa
P1239,Ananya,Singh,33,F,1993-04-24,XXXX-XXXX-6008,a720c69261dd,ee444768cbbe
P1240,Anika,Ghosh,40,M,1986-10-10,XXXX-XXXX-2168,5488dc383ac7,019ee28fc39b
P1241,Aadhya,Chatterjee,39,F,1987-06-25,XXXX-XXXX-6257,cdda38cac584,aa5c1b5f4c38
P1242,Ishaan,Nair,82,M,1944-12-21,XXXX-XXXX-8215,fcc375dfc03b,2aae07dd9b7a
P1243,Aadhya,Chatterjee,1,M,2025-07-04,XXXX-XXXX-0167,e7ddebe0e295,233d56e8eba4
P1244,Saanvi,Singh,11,F,2015-02-17,XXXX-XXXX-9926,0dd6903cd694,8a7b13e34258
P1245,Arjun,Chatterjee,57,F,1969-03-02,XXXX-XXXX-3564,bbcbd555393d,955b92567680
P1246,Ira,Iyer,89,F,1937-02-24,XXXX-XXXX-7218,6b55ed34aca7,0ca0fa515f9f
P1247,Arjun,Agarwal,50,F,1976-07-24,XXXX-XXXX-0455,d05796e36a9a,ea6c81a5babe
P1248,Saanvi,Gupta,23,M,2003-03-04,XXXX-XXXX-4155,46eb1b2a6746,1dbd531ad3fa
P1249,Kavya,Pillai,31,F,1995-08-26,XXXX-XXXX-2169,b801fe336099,e721a61777ef
P1250,Arjun,Singh,42,F,1984-02-09,XXXX-XXXX-1670,ffd4632d7994,134ddbf415a8
P1251,Aarav,Pillai,7,F,2019-06-22,XXXX-XXXX-1637,67c4c48b8837,a26db3abb29a
P1252,Aadhya,Agarwal,16,M,2010-04-11,XXXX-XXXX-2175,bc583c544b9e,e1a3045e3a37
P1252,Aadhya,Agarwal,16,M,2010-08-11,XXXX-XXXX-9717,b794a986175b,6f34511f764b
P1253,Aditya,Mishra,60,M,1966-09-18,XXXX-XXXX-1994,811fe54896bd,e00a530f22cc
P1254,Muhammad,Khan,2,F,2024-02-25,XXXX-XXXX-7571,bda78bf0acc5,058c2364d626
P1255,Aadhya,Chatterjee,1,M,2025-05-20,XXXX-XXXX-7261,1345222d91bf,3249b13244f4
P1256,Krishna,Mehta,48,F,1978-11-19,XXXX-XXXX-9177,04b1e5814895,8dd522c4c263
P1257,Ishaan,Banerjee,12,M,2014-02-13,XXXX-XXXX-2922,358d726c93b4,5186f4d4ce86
P1258,Diya,Pillai,69,M,1957-10-23,XXXX-XXXX-7226,555c7eb7f9d7,a99f05746d2b
P1259,Reyansh,Pillai,37,M,1989-09-23,XXXX-XXXX-5228,8789b3d7c4d3,2eae2ae405b7
P1260,Ananya,Mishra,32,M,1994-01-13,XXXX-XXXX-6081,c6b075b6cfae,c34faef31e09
P1261,Saanvi,Nair,9,F,2017-06-27,XXXX-XXXX-4380,fe98151c23ef,086fecef2058
P1262,Vivaan,Ghosh,19,F,2007-09-02,XXXX-XXXX-6665,72f557b6f9da,dd2dc591d691
P1263,Riya,Das,48,F,1978-11-03,XXXX-XXXX-3472,96ea21f56462,c802f7713de6
P1264,Anika,Ghosh,80,M,1946-01-11,XXXX-XXXX-2294,ecd1c0d72380,843180042503
P1265,Aarav,Nair,3,F,2023-09-08,XXXX-XXXX-8515,b4f769c6e685,1ac3880c210f
P1266,Aditya,Kulkarni,20,F,2006-06-10,XXXX-XXXX-3355,13511a6c90ec,68922adcefc9
P1267,Saanvi,Khan,24,F,2002-07-09,XXXX-XXXX-0561,7f63d143452a,d4cbf959e377
P1268,Krishna,Kulkarni,54,M,1972-02-06,XXXX-XXXX-3581,3dafe1eaf422,cb57a402f497
P1269,Aarav,Verma,33,M,1993-12-11,XXXX-XXXX-1207,78e9a4fbc2bc,94ffdd0643cb
P1270,Reyansh,Nair,24,M,2002-07-11,XXXX-XXXX-6676,b8c2dee1458b,f69128d3d656
P1271,Muhammad,Pillai,75,F,1951-11-10,XXXX-XXXX-5814,5728761feb47,1febb4574728
P1272,Sai,Chatterjee,72,F,1954-11-05,XXXX-XXXX-2684,bb59da41bbd9,368cdf1cb090
P1273,Kavya,Banerjee,36,F,1990-05-07,XXXX-XXXX-6881,46b78df3ca78,c5a23526be99
P1274,Sara,Ghosh,38,M,1988-09-15,XXXX-XXXX-1290,2b69c10674ac,ce9525a8287b
P1275,Anika,Iyer,84,M,1942-10-03,XXXX-XXXX-2314,e50358a520a1,14f70f8a3090
P1276,Kavya,Mishra,89,F,1937-01-11,XXXX-XXXX-5562,6985b0d3685e,1d4c789eff72
P1277,Sai,Mishra,25,M,2001-02-06,XXXX-XXXX-5478,55a36c9bd3b5,7e95c1eb06f3
P1278,Aditya,Naidu,18,M,2008-10-07,XXXX-XXXX-0996,370f515965bc,88719b1bcb07
P1279,Ira,Reddy,82,M,1944-02-13,XXXX-XXXX-2788,31f80cb96cd0,26cfa3ff8302
P1280,Anika,Pillai,66,M,1960-06-02,XXXX-XXXX-9927,8ca7ba0a4a9f,af558c5c490e
P1281,Krishna,Joshi,54,F,1972-01-21,XXXX-XXXX-6770,10f7066e9bb2,c6e8ec73c397
P1282,Kavya,Chatterjee,35,M,1991-09-09,XXXX-XXXX-6591,ef769562b3b3,5132ce3806db
P1283,Sara,Mishra,80,M,1946-02-17,XXXX-XXXX-2723,d161503679f7,e88766478648
P1284,Vivaan,Mishra,61,M,1965-04-19,XXXX-XXXX-1777,6ac358dfebf9,7210e0c94b2b
P1285,Riya,Agarwal,41,M,1985-03-09,XXXX-XXXX-0920,e8573068c96e,e38e07263c2b
P1286,Aditya,Mishra,33,F,1993-10-05,XXXX-XXXX-7236,78e52773e501,566ddffb15a2
P1287,Ishaan,Kulkarni,68,F,1958-02-01,XXXX-XXXX-3662,b66ac5e5e2ce,2013987f0832
P1288,Riya,Khan,33,M,1993-08-22,XXXX-XXXX-8811,c1e2b5232014,2d1cb5bd37ad
P1289,Reyansh,Reddy,14,M,2012-12-25,XXXX-XXXX-7659,ce189d509cfb,4ce2166b14df
P1290,Aditya,Mishra,21,M,2005-12-24,XXXX-XXXX-6430,aa6d9995e612,d733f3c721fb
P1291,Anika,Verma,48,M,1978-09-14,XXXX-XXXX-6944,4765690f83b9,226764d3a76b
P1292,Myra,Ghosh,20,M,2006-05-10,XXXX-XXXX-5887,e45b6bde4622,2a36c6b639c8
P1293,Aditya,Reddy,8,M,2018-10-23,XXXX-XXXX-8658,0c412cf5d2c5,0b863c13661b
P1294,Ira,Naidu,7,F,2019-10-02,XXXX-XXXX-4351,cc4cde975e87,ce69c6121523
P1295,Muhammad,Agarwal,67,M,1959-01-26,XXXX-XXXX-3843,0bd1cf188d8f,07ef1aca3423
P1296,Aarav,Joshi,17,F,2009-10-07,XXXX-XXXX-6566,58d4dcd7d646,7df7f800b809
P1297,Anika,Khan,33,F,1993-08-13,XXXX-XXXX-4393,33035db0ce49,f7af567774af
P1298,Ananya,Kulkarni,48,M,1978-09-27,XXXX-XXXX-5184,f3bf1555bec2,c3ef913649fc
P1299,Aadhya,Mishra,76,F,1950-05-03,XXXX-XXXX-9071,f5ba50fd4797,67eb78d090ce
P1300,Vivaan,Agarwal,59,F,1967-11-24,XXXX-XXXX-3416,471c6672408c,fcbc6e2d2979
P1301,Reyansh,Patel,86,F,1940-12-08,XXXX-XXXX-3733,4fae66d64f74,af0b80f97447
P1302,Arjun,Kulkarni,22,F,2004-01-28,XXXX-XXXX-7908,4600fbe04468,17b483933c1b
P1303,Ira,Nair,30,F,1996-01-17,XXXX-XXXX-6392,d7e0299e194d,470905f0a347
P1304,Myra,Khan,38,F,1988-11-07,XXXX-XXXX-7500,95f848429549,6fc96942bc46
P1305,Shaurya,Kulkarni,51,M,1975-03-16,XXXX-XXXX-7955,5bbc90e1abbf,cb941052df1b
P1306,Shaurya,Verma,54,F,1972-04-18,XXXX-XXXX-9314,4672abef8ab5,84a605364f47
P1307,Aadhya,Iyer,8,F,2018-05-09,XXXX-XXXX-8857,39ea30b4d101,4cae489952c7
P1308,Sai,Mishra,27,F,1999-09-18,XXXX-XXXX-5455,fcfd41d46252,940022207bae
P1309,Ananya,Agarwal,27,M,1999-11-17,XXXX-XXXX-2455,03737482f776,16ff7df625a3
P1310,Aarav,Singh,21,F,2005-02-06,XXXX-XXXX-9961,b396da0f1226,dc99f7dfefd4
P1311,Anika,Joshi,30,M,1996-03-06,XXXX-XXXX-9876,f569b1674b2a,8b934188e075
P1312,Sara,Verma,28,F,1998-01-25,XXXX-XXXX-1780,378406aeb1e7,51137856e053
P1313,Aarav,Nair,64,M,1962-09-27,XXXX-XXXX-4722,c804333aa585,427606ba1b9d
P1314,Anika,Joshi,69,M,1957-10-15,XXXX-XXXX-2829,81dd74340801,5481be07ee80
P1315,Kavya,Agarwal,61,F,1965-03-10,XXXX-XXXX-4564,e17b5a9652a7,11ae2531d023
P1316,Aadhya,Khan,48,F,1978-10-08,XXXX-XXXX-4064,77c8e9074410,aa7c8f2481e6
P1317,Ananya,Chatterjee,19,M,2007-11-08,XXXX-XXXX-3416,8d4aed7db52e,2cc2d8d455a3
P1318,Shaurya,Ghosh,4,F,2022-05-23,XXXX-XXXX-1797,48ddfb495e14,e6945b4259f4
P1319,Kavya,Chatterjee,35,M,1991-12-01,XXXX-XXXX-4427,3bf4612ee303,e3d3fce7445b
P1320,Arjun,Gupta,64,M,1962-03-02,XXXX-XXXX-7051,589ea7d8a3d3,70c9d2751d9e
P1321,Anika,Kulkarni,49,M,1977-12-02,XXXX-XXXX-3673,4fb6fdce78c5,bf4791ba75d3
P1322,Krishna,Iyer,17,M,2009-05-16,XXXX-XXXX-0881,a1d9f6f3e962,72af4303db90
P1323,Shaurya,Verma,44,M,1982-04-01,XXXX-XXXX-4916,c0ef28763991,c801ecfe779a
P1324,Saanvi,Naidu,30,F,1996-06-21,XXXX-XXXX-9500,353eb9069c43,9c4161ddd754
P1325,Ananya,Banerjee,46,M,1980-01-16,XXXX-XXXX-6524,fd0b96ab5b1a,be864b32cf0a
P1326,Anika,Kulkarni,6,M,2020-02-17,XXXX-XXXX-4982,5ac610974311,43f2d2f33432
P1327,Anika,Joshi,37,F,1989-04-11,XXXX-XXXX-0959,6601bad14a63,82355a7bba47
P1328,Aditya,Das,24,M,2002-11-03,XXXX-XXXX-5118,f43069012830,63c85f51bfd0
P1329,Arjun,Sharma,46,F,1980-12-19,XXXX-XXXX-6789,781a5ead54b4,bfa4a39c8e53
P1330,Myra,Agarwal,53,F,1973-06-26,XXXX-XXXX-0586,7f5869f7dbe6,c62512efd862
P1331,Aadhya,Naidu,60,F,1966-04-17,XXXX-XXXX-3863,c375587cdaaf,149816c289d1
P1331,Aadhya,Naidu,60,F,1966-09-11,XXXX-XXXX-2286,f1f960f477da,f5ed970120e6
P1332,Kavya,Joshi,63,M,1963-07-25,XXXX-XXXX-3983,b69b5a0823ff,385a01b6e806
P1333,Kavya,Sharma,85,M,1941-05-08,XXXX-XXXX-8240,7a923f5c0c46,7826cb7870ca
P1334,Myra,Iyer,32,M,1994-03-09,XXXX-XXXX-0752,26dd2ced2d03,4a6e4124bc7d
P1335,Aadhya,Pillai,87,F,1939-12-23,XXXX-XXXX-5727,b9ca26c01d96,b7e1ed41673d
P1336,Arjun,Iyer,33,M,1993-12-21,XXXX-XXXX-6613,6fdc8fe91bfa,ce36ef3513e5
P1337,Vivaan,Chatterjee,67,F,1959-03-02,XXXX-XXXX-2583,b991e4459312,a5ae0e55e562
P1338,Aarav,Naidu,18,M,2008-08-19,XXXX-XXXX-2251,bbcb3cd9c626,eeed4208d0aa
P1339,Shaurya,Gupta,25,F,2001-04-18,XXXX-XXXX-3769,4ac0909145c1,1f42404ed5dc
P1340,Anika,Chatterjee,54,M,1972-06-12,XXXX-XXXX-6553,b249560aa830,c7ef8d59d76a
P1341,Riya,Das,58,M,1968-03-25,XXXX-XXXX-0335,81c005a23ec0,dbeb1e2df6c4
P1342,Reyansh,Nair,67,M,1959-06-07,XXXX-XXXX-4770,68130a5ca7a4,b2aac981d599
P1343,Ira,Das,46,F,1980-05-06,XXXX-XXXX-6980,e7eb3bf476f9,3fcb2764dcf0
P1344,Aarav,Reddy,24,F,2002-11-13,XXXX-XXXX-5104,0e2dd40ef21e,4bb1a9f1fd62
P1345,Aarav,Das,32,M,1994-01-08,XXXX-XXXX-8780,341da42a0d2e,0367cb91f07d
P1346,Anika,Mishra,47,M,1979-11-09,XXXX-XXXX-3840,7220e937c42d,fa5fd1057561
P1347,Ananya,Khan,86,F,1940-04-19,XXXX-XXXX-8936,fe5ab50010ae,c5d8bd2af93d
P1348,Shaurya,Naidu,23,F,2003-12-23,XXXX-XXXX-8324,d7078dedc1ac,929601f4f88c
P1349,Myra,Nair,66,F,1960-06-14,XXXX-XXXX-2520,2c06f9ca2db0,c9438bb746cd
P1350,Diya,Verma,27,M,1999-10-08,XXXX-XXXX-9499,ba2f022fcdfd,2d722a2578a2
P1351,Arjun,Khan,2,F,2024-08-05,XXXX-XXXX-5267,a0bbc766649e,f51140925100
P1352,Sai,Gupta,17,M,2009-08-23,XXXX-XXXX-1279,8ff784111ae8,9a8095f3e265
P1353,Ishaan,Kulkarni,33,F,1993-11-23,XXXX-XXXX-9988,2a1b5774a56e,03393ecc9769
P1354,Ira,Naidu,9,M,2017-05-15,XXXX-XXXX-6803,f522ce91b232,b158c36c252b
P1355,Ishaan,Iyer,43,F,1983-12-17,XXXX-XXXX-2771,ef1f13c42299,4bb238e1e7f0
P1356,Ananya,Reddy,48,F,1978-08-03,XXXX-XXXX-2793,898a9c9110d4,7cce67711fed
P1357,Aditya,Verma,39,F,1987-07-18,XXXX-XXXX-6892,001eaedf2939,da3996c93490
P1358,Ishaan,Banerjee,42,F,1984-05-21,XXXX-XXXX-6447,c6b3c3f8a657,c3a8c799e0a2
P1359,Anika,Chatterjee,26,F,2000-04-07,XXXX-XXXX-8097,6074c054fad6,a0e8dec40697
P1360,Diya,Verma,50,M,1976-01-06,XXXX-XXXX-4983,2e4efe1ee9ef,6b3b233554fc
P1361,Anika,Patel,25,F,2001-03-06,XXXX-XXXX-1016,aaa30acd85c2,7d7112e4ea92
P1362,Aditya,Ghosh,24,F,2002-05-16,XXXX-XXXX-1681,93a3e20e94a2,dbb20587344b
P1363,Sara,Iyer,13,F,2013-02-16,XXXX-XXXX-0198,7a8c3d109a38,2f16cd4c0dc9
P1364,Aarav,Ghosh,60,M,1966-12-21,XXXX-XXXX-9978,2027f15e289a,10d3f46e96c7
P1365,Anika,Das,7,F,2019-07-14,XXXX-XXXX-7139,fda4932bd44c,6b0211c62dd4
P1366,Myra,Gupta,57,M,1969-01-04,XXXX-XXXX-4885,4dba94b1d1eb,2d68f4322423
P1367,Reyansh,Das,36,F,1990-03-21,XXXX-XXXX-7027,156d9357a4ff,b61877d30f9b
P1368,Myra,Pillai,45,F,1981-06-03,XXXX-XXXX-0395,05be9f6a9def,aa3e4b92d90a
P1369,Myra,Joshi,20,M,2006-12-02,XXXX-XXXX-9145,931d77a6045e,85a6cbc86ba2
P1370,Myra,Nair,65,F,1961-04-03,XXXX-XXXX-2150,73c4bb6c0ff0,06b2c5c1bf1b
P1371,Diya,Joshi,8,M,2018-11-05,XXXX-XXXX-5218,69c229dccebf,1160f6ef7e5c
P1372,Arjun,Nair,16,M,2010-09-25,XXXX-XXXX-5701,13776c360b50,a2332ff33219
P1373,Sara,Patel,14,F,2012-03-06,XXXX-XXXX-5714,6c9d893d0cb4,d5d320a336b5
P1374,Aditya,Verma,76,M,1950-10-08,XXXX-XXXX-5424,4af08cfd2b62,d527c7ca68a0
P1375,Krishna,Sharma,87,F,1939-02-14,XXXX-XXXX-0160,54c5dd1147fc,84a97c95cfe2
P1376,Krishna,Iyer,15,F,2011-03-03,XXXX-XXXX-8179,5c321aea466a,a633b4338f28
P1377,Shaurya,Nair,66,M,1960-06-15,XXXX-XXXX-5625,560165c3926f,8f90ca19eba4
P1378,Aditya,Iyer,32,M,1994-02-13,XXXX-XXXX-9928,5c123679a176,4476eca85535
P1379,Kavya,Sharma,87,M,1939-08-13,XXXX-XXXX-9382,e47187bae6e9,7204167c56c6
P1380,Reyansh,Khan,63,M,1963-10-20,XXXX-XXXX-1971,b6a8309e6d87,4f582d48dec3
P1381,Vivaan,Mehta,86,F,1940-11-22,XXXX-XXXX-9657,4e9c469c3891,f0293a957c87
P1382,Anika,Iyer,51,F,1975-04-07,XXXX-XXXX-6997,5eef53cfde35,d9830f1527b2
P1383,Arjun,Nair,25,M,2001-06-18,XXXX-XXXX-6240,2d39d32790df,0a3ac0bff239
P1384,Kavya,Khan,58,F,1968-07-14,XXXX-XXXX-6566,b72a1c643e85,413f65224715
P1385,Reyansh,Das,63,F,1963-01-03,XXXX-XXXX-2422,4c28acaea0f5,ac90dd79cb31
P1386,Riya,Gupta,62,F,1964-09-14,XXXX-XXXX-6927,ea0caec7f088,e92f601c16b9
P1387,Anika,Sharma,22,F,2004-09-19,XXXX-XXXX-3846,b27f88c5391e,3538e81d68d6
P1388,Reyansh,Das,58,M,1968-02-17,XXXX-XXXX-8478,9bb121365235,4a5449fe9ec2
P1389,Muhammad,Chatterjee,58,M,1968-09-16,XXXX-XXXX-8077,7db8baa3fb24,8985ad622688
P1390,Aarav,Mehta,86,F,1940-03-19,XXXX-XXXX-4079,2465f676ef29,3f408d43acb3
P1391,Aadhya,Mishra,49,M,1977-05-09,XXXX-XXXX-4429,92e26f2eece8,7e1cfd625be1
P1392,Riya,Iyer,52,M,1974-09-28,XXXX-XXXX-4372,d34beadf10fb,d9bb1f9b9004
P1393,Ishaan,Reddy,42,M,1984-01-21,XXXX-XXXX-2395,40577271e62a,cd1220d4a41b
P1394,Sara,Das,70,F,1956-03-17,XXXX-XXXX-6674,3ca404f50767,9a16a5299b09
P1395,Riya,Iyer,15,F,2011-05-09,XXXX-XXXX-6945,5ff25772a563,acc63877f817
P1396,Vivaan,Mishra,54,F,1972-11-01,XXXX-XXXX-2580,7a8700cf0979,a74f892c4132
P1397,Ishaan,Patel,60,M,1966-02-02,XXXX-XXXX-3009,fa3f10fc9144,71c7ddca941a
P1398,Krishna,Khan,8,F,2018-08-22,XXXX-XXXX-1244,005022bddde4,02dcd7cd2c61
P1399,Ananya,Das,53,F,1973-05-06,XXXX-XXXX-6504,aceee63768b2,fe760a28aa18
P1400,Shaurya,Agarwal,60,M,1966-08-23,XXXX-XXXX-6391,29c66918a041,715807e60f4e
P1401,Sai,Mehta,5,F,2021-03-23,XXXX-XXXX-0064,de6c935b48ff,844749602f73
P1402,Riya,Khan,68,F,1958-02-19,XXXX-XXXX-3067,bfbb6cca64f6,d0b0b4ea9f27
P1403,Myra,Ghosh,6,M,2020-09-02,XXXX-XXXX-7432,2a34eafadcaf,84e7856158ca
P1404,Muhammad,Kulkarni,47,M,1979-04-16,XXXX-XXXX-0309,93242189f67b,2e71a3392211
P1405,Aditya,Reddy,55,M,1971-02-07,XXXX-XXXX-0506,aaeffbe00230,a620fe05c593
P1406,Kavya,Verma,40,F,1986-04-23,XXXX-XXXX-0790,9de3cac3f354,a7d8081c677e
P1407,Shaurya,Kulkarni,52,F,1974-10-08,XXXX-XXXX-1179,d8a35a427aaa,f5a63b62612c
P1408,Diya, Mishra,16,F,2010-06-03,XXXX-XXXX-3092,de6b7066c1fe,1b5b8056226e
P1408,Diya, mishra,16,F,2010-07-25,XXXX-XXXX-0219,20cf0452aaec,54c22a0c03ec
P1408,Diya,Mishra,16,F,2010-11-09,XXXX-XXXX-7232,0afbd58151ca,334f093d1322
P1409,Aadhya,Singh,13,M,2013-01-18,XXXX-XXXX-1456,145015b0217e,ed09653fc7ab
P1410,Sai,Pillai,30,M,1996-02-26,XXXX-XXXX-3403,b8e0d1601a73,3c538b4bac02
P1411,Vivaan,Gupta,19,F,2007-01-04,XXXX-XXXX-4597,be4c8a1d1ccd,a1e724430dc5
P1412,Riya,Iyer,17,F,2009-12-22,XXXX-XXXX-9563,cd301f4095d0,e3f88e4992f9
P1413,Shaurya, Mehta,63,M,1963-08-02,XXXX-XXXX-3179,a4b5de451a9f,fef8af1fb662
P1413,Shaurya,Mehta,63,M,1963-03-02,XXXX-XXXX-5435,46cf33ceae0f,00152d575d41
P1414,Muhammad,Singh,19,M,2007-03-19,XXXX-XXXX-4929,544638a39e60,dd4bbc94edc6
P1415,Aadhya,Banerjee,58,M,1968-06-14,XXXX-XXXX-0633,61a549305b31,fde69794a42e
P1416,Reyansh,Iyer,55,M,1971-08-26,XXXX-XXXX-0686,bfa46ec5fb16,1cfc3ac24d68
P1417,Reyansh,Chatterjee,62,F,1964-08-22,XXXX-XXXX-4310,a56c82adcaf5,7ad7b94382a7
P1418,Diya,Khan,23,M,2003-11-03,XXXX-XXXX-2570,63819a59e5d3,74a4cca6a863
P1419,Krishna,Iyer,9,F,2017-09-22,XXXX-XXXX-1950,88b3057405d1,69cf44b99e3d
P1420,Diya,Pillai,12,F,2014-03-11,XXXX-XXXX-8183,7cb24598ebf2,983ad0b6238d
P1421,Ira,Naidu,1,F,2025-06-12,XXXX-XXXX-6401,6e18716da8bd,a61c648043cf
P1422,Shaurya,Gupta,58,M,1968-02-03,XXXX-XXXX-5137,cfebb67f2441,6efc1498fb4b
P1423,Aditya,Gupta,1,M,2025-07-22,XXXX-XXXX-3804,eecfaf3b5d7d,872b46caf24c
P1424,Ananya,Nair,34,M,1992-10-11,XXXX-XXXX-3856,8c5f5cda553b,859739da1c73
P1425,Aarav,Gupta,48,M,1978-06-10,XXXX-XXXX-2437,70698605529d,9a60f77da1d6
P1426,Shaurya,Iyer,89,F,1937-02-02,XXXX-XXXX-2223,e47fa6bbe33e,7084c1ea27aa
P1427,Ira,Banerjee,1,M,2025-03-18,XXXX-XXXX-2578,8569c18e482d,70a06b0aa8cb
P1428,Ishaan,Mishra,16,M,2010-05-25,XXXX-XXXX-8547,26342d70c19d,118c80762725
P1429,Aadhya,Pillai,61,F,1965-10-27,XXXX-XXXX-1406,93d3f79cdde5,07703760093b
P1430,Anika,Sharma,64,M,1962-09-28,XXXX-XXXX-4301,d47c9deeb0e2,658035f01336
P1431,Ishaan,Patel,63,F,1963-06-13,XXXX-XXXX-5626,42d8602c763f,ae84ed28c7cb
P1432,Sai,Chatterjee,69,F,1957-12-14,XXXX-XXXX-6742,f8782e410bde,960db0dbc88c
P1433,Reyansh,Naidu,22,F,2004-02-01,XXXX-XXXX-5196,dbb978f154b4,a12f71899670
P1434,Kavya,Reddy,67,F,1959-05-27,XXXX-XXXX-4870,fc63a6ce6ad4,fc8c955d119b
P1435,Aditya,Pillai,76,F,1950-03-16,XXXX-XXXX-7146,b3d1f70cd496,4473432f9ac7
P1436,Myra,Reddy,26,F,2000-06-17,XXXX-XXXX-6471,794a143bda76,2badb29a0bab
P1437,Krishna,Joshi,16,F,2010-07-21,XXXX-XXXX-2045,ad7cc1eba4e6,0846679f24c8
P1438,Reyansh,Banerjee,51,F,1975-11-26,XXXX-XXXX-2855,7b0b98e56f5b,2bd1c0b7e639
P1439,Aditya,Khan,86,M,1940-07-11,XXXX-XXXX-8457,dfa55acb245c,af5461144bd5
P1440,Reyansh,Chatterjee,57,M,1969-02-04,XXXX-XXXX-8167,0a03b0e05f72,18e6e1f5c516
P1441,Arjun,Khan,29,M,1997-04-05,XXXX-XXXX-2401,a6a4759d20c9,9dc701650717
P1442,Aadhya,Nair,78,M,1948-02-02,XXXX-XXXX-7603,565f2e904ad5,22e4f7ba8729
P1443,Sai,Naidu,69,F,1957-03-22,XXXX-XXXX-9393,574b8ac28c8a,41f33704681b
P1444,Sai,Gupta,47,M,1979-02-27,XXXX-XXXX-3891,4343c29a0b52,ae798e1f3990
P1445,Diya,Naidu,62,F,1964-03-15,XXXX-XXXX-8759,905b3c2c1360,401d0629b8ce
P1446,Ishaan,Pillai,69,M,1957-09-05,XXXX-XXXX-5171,4fc337a2d99b,6c0cebb4f70c
P1447,Ananya,Mishra,76,M,1950-11-27,XXXX-XXXX-4794,cbc16dd88011,04c6dd13b7ba
P1448,Diya,Joshi,16,M,2010-08-17,XXXX-XXXX-0716,bbd90e5a86f8,0733da93e9ef
P1449,Diya,Sharma,48,F,1978-02-08,XXXX-XXXX-5396,116ef0c90c71,9185466fd015
P1450,Riya,Khan,85,M,1941-08-04,XXXX-XXXX-7842,65b9ab7a0f40,392d5203ea9a
P1451,Arjun,Iyer,39,F,1987-11-11,XXXX-XXXX-0269,fe90f6d7b501,f91a28f01108
P1452,Aadhya,Naidu,33,F,1993-09-11,XXXX-XXXX-7784,fb28996bd033,79b4b49b1144
P1453,Diya,Iyer,23,M,2003-09-22,XXXX-XXXX-7002,f57f60a2c934,1a87bd7932c1
P1454,Vivaan,Ghosh,10,M,2016-08-18,XXXX-XXXX-8897,19fd127e44d2,b43a9cba7dcb
P1455,Ira,Iyer,69,M,1957-03-27,XXXX-XXXX-0090,2e37728c3afc,bf9085bcf527
P1456,Arjun,Verma,34,F,1992-04-08,XXXX-XXXX-6503,25d72f6f15bc,b170feb11baa
P1457,Arjun,Mishra,52,M,1974-09-14,XXXX-XXXX-0769,31caeb62bca5,2a6294076270
P1458,Vivaan,Khan,10,F,2016-12-22,XXXX-XXXX-9171,7e992c286641,6b17a52e8d5b
P1459,Krishna,Joshi,19,F,2007-05-09,XXXX-XXXX-7183,6a8921b8a393,228fc771b2b1
P1460,Kavya,Pillai,58,M,1968-08-14,XXXX-XXXX-4198,ed9390149272,61b94eedd48c
P1461,Reyansh,Verma,1,M,2025-09-15,XXXX-XXXX-6649,dea670235fd8,1d753032c3b0
P1462,Reyansh,Kulkarni,69,F,1957-09-07,XXXX-XXXX-9690,344718ac3472,81a619036505
P1463,Vivaan,Gupta,4,F,2022-05-22,XXXX-XXXX-6442,90daed352c9d,b16e482edda1
P1464,Sai,Iyer,16,F,2010-11-02,XXXX-XXXX-7866,ae158b61dd8f,f66946be6e49
P1465,Vivaan,Chatterjee,24,M,2002-10-10,XXXX-XXXX-0015,880617a55748,307a5864fa7a
P1466,Aditya,Reddy,80,F,1946-08-03,XXXX-XXXX-8984,181d2913716d,af80b2d2ac78
P1467,Ishaan,Sharma,2,M,2024-08-14,XXXX-XXXX-1234,0fb64e44446c,bf49f7f71336
P1468,Muhammad,Naidu,32,F,1994-12-12,XXXX-XXXX-4257,73081cb30e20,2ce3722beca3
P1469,Aadhya,Reddy,84,F,1942-08-13,XXXX-XXXX-5183,7af3c0919f0c,0f3e80bb09c3
P1469,Aadhya,Reddy,84,F,1942-08-16,XXXX-XXXX-6041,e0d468931412,beae7c14ceb0
P1470,Myra,Kulkarni,24,M,2002-12-01,XXXX-XXXX-9857,2be47ca88e7f,b72a48bbb6fb
P1471,Anika,Iyer,12,F,2014-09-23,XXXX-XXXX-1123,dd7a18f88202,0fb4e2a23159
P1472,Aditya,Singh,50,M,1976-06-06,XXXX-XXXX-4316,385e011a3ca3,c4266f401573
P1473,Vivaan,Singh,35,M,1991-01-13,XXXX-XXXX-7342,824c5224867c,ff43d780d452
P1474,Shaurya,Sharma,33,F,1993-02-08,XXXX-XXXX-8677,13db90f224ad,a9c2b625e577
P1475,Saanvi,Banerjee,33,M,1993-03-14,XXXX-XXXX-3436,8223ba91364e,1a4e3cbd8fe7
P1476,Vivaan,Mehta,61,M,1965-06-23,XXXX-XXXX-1072,49409c9d6415,eec490c9bb6f
P1477,Kavya,Mishra,51,F,1975-06-20,XXXX-XXXX-0537,133de52885f5,2c378694fe47
P1478,Myra,Kulkarni,43,M,1983-05-06,XXXX-XXXX-8092,4f28c72b2e19,194d360bc5a5
P1479,Shaurya,Pillai,12,M,2014-08-28,XXXX-XXXX-1502,a00abd518ed4,9f7023d60341
P1480,Diya,Singh,67,M,1959-11-21,XXXX-XXXX-5728,9f903ed94c47,8d5a6ac5a47b
P1481,Ira,Khan,65,F,1961-01-15,XXXX-XXXX-7617,1761aa88c486,42128b7f1be5
P1482,Saanvi,Singh,33,M,1993-10-22,XXXX-XXXX-2284,eb7ae8ff5fec,180574012c0b
P1483,Arjun,Das,40,F,1986-11-22,XXXX-XXXX-1504,ab4ee0badc99,5e5273e221bc
P1484,Kavya,Mishra,74,F,1952-06-02,XXXX-XXXX-7490,dd3d6a1718b0,d37cd14613da
P1485,Sai,Nair,43,M,1983-07-09,XXXX-XXXX-8961,9452baf10b99,2d81321da259
P1486,Vivaan,Singh,44,M,1982-07-24,XXXX-XXXX-2147,0c1996116200,8faf61980e2e
P1487,Ira,Banerjee,29,M,1997-02-25,XXXX-XXXX-4996,afd173c4b47a,425094e9cac9
P1488,Aditya,Verma,13,F,2013-11-21,XXXX-XXXX-3278,ae96a35c455c,85f2a5efea3f
P1489,Ishaan,Mehta,12,M,2014-10-02,XXXX-XXXX-3864,fcd3f24a7f80,5de4cc58fa0a
P1490,Ishaan,Gupta,46,M,1980-02-25,XXXX-XXXX-4549,872d5f3e5af1,609b6cd1a8ff
P1491,Shaurya,Khan,2,M,2024-10-26,XXXX-XXXX-5977,680a81453b03,ae464dc63f7d
P1492,Myra,Agarwal,35,M,1991-02-01,XXXX-XXXX-8006,f4fdf915c612,cf6c0a4d41c5
P1493,Shaurya,Pillai,87,M,1939-01-07,XXXX-XXXX-4122,a55b8bbaf6e1,9a253b2bb18f
P1494,Krishna,Chatterjee,81,F,1945-03-16,XXXX-XXXX-3147,560a5e6edb96,a356e833e6f9
P1495,Arjun,Nair,8,F,2018-07-02,XXXX-XXXX-3349,554ea6a4767f,3d8588d1705a
P1496,Shaurya,Verma,26,M,2000-10-24,XXXX-XXXX-7678,59cc0a177dea,a8f5bf203751
P1497,Ishaan,Naidu,74,M,1952-08-20,XXXX-XXXX-4671,4a1180a1d309,9d93e4bb1bfb
P1498,Riya,Singh,34,M,1992-11-11,XXXX-XXXX-3839,010a63f776c0,5da2dfb38978
P1499,Myra,Gupta,7,M,2019-03-07,XXXX-XXXX-4172,7a4ebe48a7f3,1691361a50b7
P1500,Ananya,Sharma,68,F,1958-03-27,XXXX-XXXX-5452,80c9473f4a83,798c8da8fa7c
P1501,Sai,Joshi,58,M,1968-06-25,XXXX-XXXX-3745,d1081dab571e,11f7eb5d37b4
P1502,Vivaan,Pillai,75,F,1951-01-17,XXXX-XXXX-9918,3f51720e0f85,06bb8fae1b06
P1503,Riya,Verma,29,F,1997-03-04,XXXX-XXXX-1255,be97b9a9fd84,e90669adcbfe
P1504,Riya,Ghosh,36,M,1990-11-22,XXXX-XXXX-4565,dc4628571693,ec6bc843f60d
P1505,Myra,Mehta,89,F,1937-03-25,XXXX-XXXX-8507,680118622836,9074e2ffa35b
P1506,Diya,Ghosh,21,F,2005-05-14,XXXX-XXXX-2908,66a501c4cff8,9d505fc99f82
P1507,Ananya,Khan,36,F,1990-10-21,XXXX-XXXX-7389,c48d6598284d,51c39ce32158
P1508,Shaurya,Reddy,10,F,2016-04-03,XXXX-XXXX-2884,407fc54e0cdf,5a2fc74024f1
P1509,Ananya,Banerjee,73,M,1953-12-02,XXXX-XXXX-4681,babd5f7d9c44,4c4baa7e45a2
P1510,Diya,Chatterjee,24,M,2002-12-19,XXXX-XXXX-0753,31ce4000300b,69c8db3c860d
P1511,Ishaan,Joshi,64,F,1962-06-15,XXXX-XXXX-5893,b75e7f3b3a17,be63ed3491fe
P1512,Reyansh,Nair,49,M,1977-11-17,XXXX-XXXX-3715,b191cfc9638c,7f97818b13f1
P1513,Myra,Kulkarni,36,M,1990-03-23,XXXX-XXXX-8277,5ac68283feb3,9022fce942d7
P1514,Aditya,Kulkarni,82,M,1944-06-19,XXXX-XXXX-9611,b5b9cb267e7d,7bd7e4ebadc9
P1515,Ishaan,Iyer,24,M,2002-07-02,XXXX-XXXX-0229,9f82662a058e,659258ae05e2
P1516,Reyansh,Banerjee,23,M,2003-10-15,XXXX-XXXX-6794,c9346609525c,36c8e21265ae
P1517,Arjun,Verma,62,F,1964-07-13,XXXX-XXXX-5199,b53101feb4ad,656bea65cf8d
P1518,Ira,Kulkarni,37,M,1989-02-07,XXXX-XXXX-4818,dd6c5d199224,c9c2c2443d94
P1519,Aditya,Verma,12,M,2014-12-27,XXXX-XXXX-0433,f2dfe7ed886a,3b477b511839
P1520,Ira,Khan,55,M,1971-01-28,XXXX-XXXX-5626,887b4c85ba87,d1cb66f6381e
P1521,Krishna,Verma,13,M,2013-05-14,XXXX-XXXX-2412,7fe1c55211cc,9bc042c3177c
P1522,Reyansh,Singh,23,F,2003-07-27,XXXX-XXXX-2654,fec3d6307b27,3db37e4f7db2
P1523,Krishna,Verma,89,F,1937-08-18,XXXX-XXXX-1405,c8f778ac4fe3,e609b63e1836
P1524,Kavya,Banerjee,30,F,1996-10-14,XXXX-XXXX-3824,bb603fba4e33,3f6c0b020736
P1525,Kavya,Ghosh,17,F,2009-01-27,XXXX-XXXX-6870,163a4ee76c8a,1004355a004a
P1526,Saanvi,Singh,62,M,1964-05-02,XXXX-XXXX-5398,56c65b8d8a75,8528866cd31e
P1527,Ananya,Mehta,84,F,1942-11-09,XXXX-XXXX-9855,2281f7ae28a8,64c2083f9029
P1528,Diya,Sharma,89,M,1937-01-22,XXXX-XXXX-0970,e6233c816ab1,58707a444bb2
P1529,Kavya,Singh,86,M,1940-06-13,XXXX-XXXX-1569,a6d1696c02d1,7d4e0b1c221b
P1530,Riya,Patel,13,M,2013-11-10,XXXX-XXXX-5319,e7d16a3039bb,a51c3bf7a8fd
P1531,Reyansh,Sharma,59,M,1967-09-16,XXXX-XXXX-6149,2bb59ef1e1c4,6eb114a0dc8d
P1532,Diya,Banerjee,19,M,2007-09-24,XXXX-XXXX-2493,add75be3ebd2,094ebdf6ffcb
P1533,Aditya,Verma,49,F,1977-05-04,XXXX-XXXX-0566,37d8a4b00ff6,8f3fb63c656d
P1534,Ananya,Pillai,12,F,2014-04-11,XXXX-XXXX-7506,3bfed94931d9,ee1dc2309b47
P1535,Arjun,Pillai,61,F,1965-07-26,XXXX-XXXX-1107,2eb2d4ace95e,2ed47a5b26c1
P1536,Riya,Nair,19,F,2007-08-25,XXXX-XXXX-3199,5740999c2142,3c3e3825f3d2
P1537,Reyansh,Joshi,76,M,1950-10-21,XXXX-XXXX-0704,80444c2c5264,b2fdd9595a47
P1538,Aditya,Mehta,9,F,2017-01-15,XXXX-XXXX-6399,385da9dfb4c1,32fffac6ab8e
P1539,Anika,Nair,71,M,1955-02-01,XXXX-XXXX-5931,4cb3a18296f1,b0a9a4dfe1d4
P1540,Kavya,Khan,28,F,1998-03-26,XXXX-XXXX-9723,2a6058781274,acb4c4f5994b
P1541,Sai,Banerjee,78,M,1948-10-11,XXXX-XXXX-2274,e5873fea4dd1,41b0dcd1630f
P1542,Sai, Kulkarni,52,M,1974-11-07,XXXX-XXXX-6533,672339dfc57b,e439bfc47b37
P1542,Sai,Kulkarni,52,M,1974-02-15,XXXX-XXXX-4652,cae70325dfde,0c5dae4b343f
P1543,Saanvi,Naidu,83,F,1943-03-27,XXXX-XXXX-5636,16dfac30e7ab,7fc8d77564ce
P1544,Vivaan,Naidu,16,M,2010-01-07,XXXX-XXXX-3950,7b49f957081d,f0cd1865a828
P1545,Saanvi,Reddy,69,M,1957-01-27,XXXX-XXXX-0241,eb02cbe431a4,21ec92b3277b
P1546,Aadhya,Kulkarni,12,F,2014-12-03,XXXX-XXXX-2896,bcdd571af2ae,dca168214869
P1547,Anika,Iyer,25,M,2001-04-28,XXXX-XXXX-3099,4628ba9bd203,56af5828c04d
P1548,Saanvi,Nair,52,F,1974-11-20,XXXX-XXXX-7317,11b93da46fe6,3e974be785d0
P1549,Vivaan,Banerjee,85,F,1941-08-09,XXXX-XXXX-5877,69eda91c2a75,0389a5eaed9b
P1550,Ira,Agarwal,53,F,1973-10-06,XXXX-XXXX-3466,bc16edb67cb2,1ab396e14bec
P1551,Arjun,Agarwal,23,M,2003-10-11,XXXX-XXXX-9078,48d8199f0764,c1e84b397cf8
P1552,Ananya,Patel,16,M,2010-11-03,XXXX-XXXX-2734,cd5eebaa7b2f,ef675f69b8a3
P1553,Anika,Khan,57,M,1969-04-11,XXXX-XXXX-1508,63d76ecf6085,7c4cced9d8fd
P1554,Diya,Mishra,39,F,1987-07-27,XXXX-XXXX-4456,23b7a2fb6b1a,30ac68960eda
P1555,Saanvi,Joshi,53,M,1973-12-27,XXXX-XXXX-8987,11cafee86c5e,8984872b38db
P1556,Myra,Ghosh,42,F,1984-10-28,XXXX-XXXX-8052,8696bad2a10d,35a950f7bbaf
P1557,Anika,Kulkarni,58,F,1968-01-19,XXXX-XXXX-8459,e36ea6a9d9f9,06c225462a4c
P1558,Diya,Joshi,39,M,1987-04-16,XXXX-XXXX-6186,c36233365a4c,3a9e4e764a74
P1559,Aditya,Khan,14,F,2012-04-03,XXXX-XXXX-9702,f61689d9f275,15fe894b6551
P1560,Muhammad,Joshi,5,M,2021-07-06,XXXX-XXXX-0256,35dcd6c00a45,7ac2ee16cfe0
P1561,Aditya,Nair,35,M,1991-10-10,XXXX-XXXX-6729,264cc632ea50,e1379f27c33b
P1562,Diya,Kulkarni,87,M,1939-10-16,XXXX-XXXX-9385,5d595ff7917f,95857ec113b9
P1563,Aarav,Pillai,75,M,1951-10-24,XXXX-XXXX-2632,e6535e168090,1659dce6d0cf
P1564,Saanvi,Chatterjee,18,M,2008-08-14,XXXX-XXXX-8413,5373b01980ba,45116ce09be6
P1565,Vivaan,Naidu,76,F,1950-01-03,XXXX-XXXX-3807,5958d54e7762,0e3edff5bdc5
P1566,Vivaan,Singh,9,F,2017-02-03,XXXX-XXXX-5777,f4bdf6056f88,f36ad9b429e0
P1567,Sara,Mehta,74,F,1952-09-24,XXXX-XXXX-1241,6f192cdf8dc0,b74e7452d58e
P1568,Shaurya,Iyer,58,M,1968-11-26,XXXX-XXXX-8370,ccce2b3c0e66,85b45a89f8b9
P1569,Muhammad,Nair,17,M,2009-02-01,XXXX-XXXX-3533,a915416101ee,db66f5a52ac2
P1570,Ananya,Reddy,7,M,2019-06-18,XXXX-XXXX-6815,8025de7d0932,0b1653c5681a
P1571,Diya,Joshi,46,F,1980-01-13,XXXX-XXXX-2065,2294dcd8b8eb,2a8d71cc8ada
P1572,Sara,Banerjee,13,M,2013-12-18,XXXX-XXXX-4971,ddef24b2ddbe,7e22c36d5a82
P1573,Ishaan,Singh,40,F,1986-10-19,XXXX-XXXX-7150,ff52f7479c6c,58e08a6d4dfe
P1574,Shaurya,Mehta,42,F,1984-10-03,XXXX-XXXX-4363,df0f4ed68f59,d27590239d41
P1575,Ananya,Mishra,9,M,2017-05-11,XXXX-XXXX-9752,a155c0c4889b,7b77bee1e675
P1576,Ira,Naidu,50,M,1976-07-17,XXXX-XXXX-0339,85e3077ea791,972b4892d875
P1577,Shaurya,Joshi,27,F,1999-09-27,XXXX-XXXX-2129,14f5fc805661,10a7509c0d59
P1578,Shaurya,Singh,66,M,1960-05-19,XXXX-XXXX-2934,3cf206cab38b,1b2b5e847dcd
P1579,Kavya,Nair,5,F,2021-03-27,XXXX-XXXX-6896,5abb80d3abed,4a98bcfb4aec
P1580,Krishna,Iyer,29,M,1997-05-15,XXXX-XXXX-2467,c828e3997811,35a2a9f9f528
P1581,Shaurya,Mishra,37,M,1989-12-24,XXXX-XXXX-3008,a2aba5db3263,b3c76fe9945e
P1582,Kavya,Pillai,38,F,1988-10-06,XXXX-XXXX-6016,6222f39d502c,befa5735129d
P1583,Sara,Mishra,83,M,1943-11-23,XXXX-XXXX-3705,75f8e15baf02,eb68d4633b83
P1584,Ananya,Iyer,8,F,2018-07-23,XXXX-XXXX-0116,a1274512f3e4,52aa1b14d806
P1585,Saanvi,Gupta,65,M,1961-12-28,XXXX-XXXX-6946,a0eaa52d79af,e6da3c28cb22
P1586,Aditya,Banerjee,86,F,1940-02-25,XXXX-XXXX-2701,6bac77cd4388,bdf417f8b2e4
P1587,Ira,Mishra,17,F,2009-08-19,XXXX-XXXX-7281,f8a22202e65d,7b268b182773
P1588,Sara,Singh,71,M,1955-07-04,XXXX-XXXX-2141,187ba4c2f4af,d7b8ace2166f
P1589,Shaurya,Reddy,89,F,1937-02-07,XXXX-XXXX-4090,df2fd3c0148a,768d2fa2719e
P1590,Vivaan,Naidu,45,M,1981-04-12,XXXX-XXXX-5555,baf0e198a427,c61a4ac15559
P1591,Krishna,Mehta,4,M,2022-05-23,XXXX-XXXX-0918,b7cbdd0b121d,5473b9b86022
P1592,Ananya,Reddy,36,M,1990-04-20,XXXX-XXXX-5057,728c434a57f7,4cefd1017da0
P1593,Myra,Iyer,70,F,1956-10-26,XXXX-XXXX-9328,cda898abdf2e,72b6719c4c78
P1594,Diya,Patel,31,F,1995-04-06,XXXX-XXXX-7833,878eb0b9ac8e,bd5f69a48fae
P1595,Reyansh,Mishra,19,M,2007-02-26,XXXX-XXXX-1287,d20df67aa3a9,9715913a49bb
P1596,Vivaan,Das,61,M,1965-02-04,XXXX-XXXX-3414,26d3bf0bed94,36775ad4de57
P1597,Kavya,Agarwal,54,F,1972-10-18,XXXX-XXXX-9040,3ee89d87e937,a616dea79df3
P1598,Aadhya,Gupta,39,M,1987-06-05,XXXX-XXXX-6087,0fdb0c03a074,8dee1517de13
P1599,Ira,Nair,74,M,1952-12-19,XXXX-XXXX-4814,d559dc149d3d,2d5f88eff6f2
P1600,Sara,Agarwal,19,F,2007-11-28,XXXX-XXXX-2764,04a512943214,fedc08a31688
P1601,Krishna,Naidu,39,M,1987-12-28,XXXX-XXXX-8443,3d09eee14e96,d8f8c04ee705
P1602,Krishna,Sharma,67,F,1959-03-07,XXXX-XXXX-2774,449e4f9dfb6f,ca5538e68bc0
P1603,Ananya,Gupta,45,M,1981-03-02,XXXX-XXXX-0157,7b3188d950d7,47f7a3406051
P1604,Riya,Mishra,13,F,2013-11-24,XXXX-XXXX-7492,68b9b0653c15,5e0a6462da4a
P1605,Anika,Kulkarni,58,M,1968-04-01,XXXX-XXXX-1178,4442c01a7e16,7bb4aa0a79db
P1606,Sara,Chatterjee,20,M,2006-12-28,XXXX-XXXX-2151,8db631c1d35f,34c8a5890f7e
P1607,Ira,Sharma,72,F,1954-11-04,XXXX-XXXX-9813,acd621bfb700,10789dfaf3d2
P1608,Krishna,Verma,61,M,1965-01-03,XXXX-XXXX-2184,3eb8ca3a8241,4f48170056c6
P1609,Vivaan,Mishra,39,F,1987-10-16,XXXX-XXXX-4872,e5983876c9fe,ed4628b2775d
P1610,Diya,Singh,1,M,2025-10-18,XXXX-XXXX-2432,24f0f878954b,7aef02516018
P1611,Sai,Banerjee,3,F,2023-05-22,XXXX-XXXX-2671,74df9bd496d5,37075db16cba
P1612,Ananya,Pillai,77,F,1949-07-13,XXXX-XXXX-2625,536db4c9842a,4987be936e1d
P1613,Arjun,Singh,62,F,1964-03-28,XXXX-XXXX-1554,845c8a502b8a,17fbec813afb
P1614,Aarav,Reddy,63,F,1963-09-12,XXXX-XXXX-4971,b19ccd88c160,df7d18eac6b0
P1615,Kavya, Patel,25,M,2001-07-16,XXXX-XXXX-5889,9a2964b82937,b61bc299a180
P1615,Kavya,Patel,25,M,2001-07-23,XXXX-XXXX-0539,ffe77ab97351,e476a0def3bf
P1616,Anika,Kulkarni,56,M,1970-06-28,XXXX-XXXX-4146,43806f7dc8be,f4d5bad816d6
P1617,Reyansh,Ghosh,33,F,1993-12-05,XXXX-XXXX-7068,6f639c4172f9,3957d14ff727
P1618,Ishaan,Sharma,38,F,1988-11-20,XXXX-XXXX-8538,9be394abb531,9bd0c66cd96f
P1619,Ananya,Banerjee,6,F,2020-03-12,XXXX-XXXX-0676,e89bc8cb0e72,73f56f4b97a7
P1620,Saanvi,Kulkarni,58,M,1968-04-10,XXXX-XXXX-3096,d101c11190bb,456ec2625d11
P1621,Aarav,Singh,44,M,1982-06-24,XXXX-XXXX-4510,10dd56dfba70,b66d99e1bcad
P1622,Riya,Khan,45,M,1981-01-05,XXXX-XXXX-2617,845d433e5bf8,dfa4a3412177
P1623,Diya,Mehta,32,M,1994-03-12,XXXX-XXXX-1772,3238f37625bb,ac4d409e2a20
P1624,Riya,Naidu,45,F,1981-08-22,XXXX-XXXX-5023,3628a8b0d677,97b328a44b95
P1625,Riya,Patel,61,F,1965-03-05,XXXX-XXXX-2110,594d0ccc2248,e3bf66f33a0f
P1626,Arjun,Kulkarni,47,F,1979-07-08,XXXX-XXXX-4471,0c1c881e189a,6e0022a8c8ac
P1627,Aditya,Iyer,21,M,2005-10-06,XXXX-XXXX-3718,27c56e39e7d7,f38ebe2e1638
P1628,Sara,Verma,80,M,1946-01-13,XXXX-XXXX-0931,64dee03bf1e7,93d2410c7b6e
P1629,Kavya,Banerjee,85,M,1941-06-09,XXXX-XXXX-0414,60a1d6054a0c,2d4bb81fdd07
P1630,Aadhya,Chatterjee,75,F,1951-02-14,XXXX-XXXX-4749,96e0c94f99c3,c52b30700fe2
P1630,Aadhya,Chatterjee,75,F,1951-09-20,XXXX-XXXX-5559,fc79c3b12f54,5a93c342e94d
P1631,Muhammad,Das,36,F,1990-04-23,XXXX-XXXX-1093,67780d9dc628,0f9bf9780dd6
P1632,Ananya,Kulkarni,19,M,2007-09-23,XXXX-XXXX-0236,e9c80313f7c0,2610c319b71f
P1633,Sara,Verma,20,F,2006-12-05,XXXX-XXXX-0294,5d3509579f79,aa1c2b70cae8
P1634,Riya,Naidu,57,M,1969-07-13,XXXX-XXXX-7868,a7f33fed726c,4ca12daae3c1
P1635,Aarav,Khan,18,M,2008-05-28,XXXX-XXXX-7884,e7961b3ff9b2,99cf1c4f0454
P1636,Reyansh,Ghosh,47,F,1979-03-09,XXXX-XXXX-4024,e04e42c470df,46b3245d1052
P1637,Aditya,Nair,49,M,1977-07-20,XXXX-XXXX-1842,5bea640e9b3d,555282434b46
P1638,Krishna,Banerjee,14,F,2012-11-21,XXXX-XXXX-9164,6ec98bd7ee36,b21143f1343d
P1639,Diya,Mishra,15,M,2011-03-16,XXXX-XXXX-7365,0db721920703,7d3a09cdc59b
P1640,Krishna,Banerjee,31,F,1995-07-22,XXXX-XXXX-0422,942a1722d35c,e9eedd728e25
P1641,Myra,Gupta,1,F,2025-07-13,XXXX-XXXX-2091,92dd9985aa12,abfcaaef1b87
P1642,Shaurya,Banerjee,54,F,1972-12-27,XXXX-XXXX-0018,baa2fb06b2e4,ac2e777d0727
P1643,Muhammad,Das,3,M,2023-12-09,XXXX-XXXX-2308,dad82301a638,b990a22eef3a
P1644,Diya,Iyer,16,M,2010-07-13,XXXX-XXXX-0303,e57ed624538f,f73db683d1de
P1645,Aditya,Singh,87,F,1939-10-11,XXXX-XXXX-1451,9c2f7aa07360,729141e6de95
P1646,Ananya,Gupta,57,F,1969-10-27,XXXX-XXXX-2624,fa134df13c2d,1eb69d27facc
P1647,Anika,Nair,75,M,1951-12-26,XXXX-XXXX-5267,90ef07e49963,cfe62cf8f94a
P1648,Arjun,Agarwal,12,M,2014-07-16,XXXX-XXXX-6557,689c8abd34f2,bd9cd14067ea
P1649,Aditya,Joshi,74,M,1952-02-19,XXXX-XXXX-8836,e444e37cd527,29a6ac74ea9a
P1650,Aadhya,Mehta,16,F,2010-06-12,XXXX-XXXX-7210,5ceafc0a5876,679c36968d14
P1651,Krishna,Singh,72,M,1954-12-14,XXXX-XXXX-1260,3d96c86527d1,8e1fb26d0d55
P1652,Aarav,Chatterjee,76,M,1950-02-01,XXXX-XXXX-5213,e8114fcb56a2,6ca4045cf73a
P1653,Shaurya,Reddy,24,F,2002-03-02,XXXX-XXXX-7041,7509efb17994,485609284459
P1654,Ishaan,Nair,28,M,1998-03-09,XXXX-XXXX-8436,870b9229ad3a,6ca55396db79
P1655,Aditya,Singh,8,M,2018-06-21,XXXX-XXXX-9177,d9c519ee9b58,6cb2484d2641
P1656,Aarav,Chatterjee,36,M,1990-04-10,XXXX-XXXX-5950,0e49001e809a,97a57f496643
P1657,Sai,Kulkarni,8,F,2018-10-02,XXXX-XXXX-3419,c37ba4b20895,24145f79724f
P1658,Saanvi,Joshi,58,F,1968-12-12,XXXX-XXXX-8356,edec41db3dc0,8fb411bb0717
P1659,Riya,Mishra,60,F,1966-03-05,XXXX-XXXX-7904,44a5f7cb0ff7,84d24c1c9c4f
P1660,Anika,Das,50,F,1976-06-10,XXXX-XXXX-8572,066b24e56a49,c0f16415b811
P1661,Krishna,Nair,28,F,1998-05-18,XXXX-XXXX-7102,3d43b8796c0e,3839bb4c60a8
P1662,Ira,Verma,41,F,1985-03-23,XXXX-XXXX-5511,69feb5febec1,93efb1029b18
P1663,Saanvi,Das,64,F,1962-11-05,XXXX-XXXX-4669,6b1404bacfff,17bff43b381d
P1664,Myra,Naidu,27,M,1999-12-27,XXXX-XXXX-0903,02ec66d7d6db,45e99380596b
P1665,Vivaan,Singh,63,M,1963-08-15,XXXX-XXXX-6715,5dac42cbbc53,a1ba1c46bf1c
P1666,Diya,Das,17,F,2009-08-07,XXXX-XXXX-1559,9d40729502bb,418249e85f6e
P1667,Shaurya,Agarwal,73,M,1953-01-26,XXXX-XXXX-9096,08dc28e58a88,269fc158e85c
P1668,Ishaan,Banerjee,33,M,1993-07-03,XXXX-XXXX-1214,322020d59439,e030b1f90dba
P1669,Myra,Mehta,84,F,1942-07-16,XXXX-XXXX-4235,bcc768d537a8,851da245a542
P1670,Aarav,Banerjee,77,M,1949-06-22,XXXX-XXXX-1992,e1e7970673e9,5c37925dc9fa
P1671,Aadhya,Verma,29,M,1997-11-19,XXXX-XXXX-0727,cdc081cc47c7,fa01d57a8552
P1672,Diya,Joshi,13,M,2013-06-27,XXXX-XXXX-3390,17230c84b4f0,1fda39923920
P1673,Muhammad,Das,46,M,1980-06-04,XXXX-XXXX-5868,0bdf59756451,944d141f8b2f
P1674,Myra,Agarwal,35,M,1991-02-03,XXXX-XXXX-4649,13135a3724b6,2ed6d91a2833
P1675,Myra,Das,6,F,2020-11-10,XXXX-XXXX-7890,e80ae7408f6f,4aeb05bbcf3f
P1676,Reyansh,Reddy,82,F,1944-06-26,XXXX-XXXX-7660,c70f2b1edfeb,31f394608c16
P1677,Diya,Naidu,69,F,1957-12-20,XXXX-XXXX-0258,58b3a1d30a0b,1fcd08ee0104
P1678,Arjun,Joshi,47,M,1979-11-13,XXXX-XXXX-0962,6207d03bca15,7130296958fe
P1679,Sai,Pillai,25,F,2001-03-11,XXXX-XXXX-9648,f3b7d9b3b942,1d90a28698ea
P1680,Ira,Iyer,66,M,1960-12-24,XXXX-XXXX-1960,27ce329d7cf6,0b792a080a0c
P1681,Anika,Agarwal,10,M,2016-02-05,XXXX-XXXX-6404,4853512c6e89,f50407de0c92
P1682,Krishna,Nair,56,M,1970-04-13,XXXX-XXXX-1175,11a08a506687,7a3da10a8df3
P1683,Arjun,Das,30,M,1996-05-01,XXXX-XXXX-5722,b00026c97be7,3ada8ac6a19f
P1684,Kavya,Banerjee,5,F,2021-10-01,XXXX-XXXX-8413,0d8aac9d1e61,9f5bd612a9a3
P1685,Myra,Ghosh,33,F,1993-05-09,XXXX-XXXX-2312,0b1f4ea3dbc6,d7d54980fdc9
P1686,Ishaan,Khan,65,M,1961-11-28,XXXX-XXXX-3423,b35b72c9afcf,c1324eeb4fd4
P1687,Aadhya,Pillai,18,F,2008-10-04,XXXX-XXXX-6945,fa1fd1175a78,8f9efc137a98
P1688,Saanvi,Gupta,49,M,1977-05-20,XXXX-XXXX-8496,73d67edc8e59,efbd0b4d9745
P1689,Ira,Patel,11,F,2015-03-25,XXXX-XXXX-1355,7fcb117b82cf,2dcf5ab1cc68
P1690,Krishna,Kulkarni,85,F,1941-10-07,XXXX-XXXX-8164,03623b9cc0ae,0100399f178d
P1691,Vivaan,Agarwal,26,M,2000-08-16,XXXX-XXXX-5330,af38922b43a2,2f3089cbdc9b
P1692,Sara,Verma,63,F,1963-01-21,XXXX-XXXX-3904,bd9979faa7ab,2f741acc842f
P1693,Ira,Gupta,89,M,1937-07-24,XXXX-XXXX-0171,47c465447e38,9de38e8a3550
P1694,Saanvi,Patel,86,F,1940-11-04,XXXX-XXXX-6477,cf9ae6bfea47,5e14464397d0
P1695,Kavya, iyer,59,M,1967-09-01,XXXX-XXXX-2135,81a5e0e52591,bfb3e6808aec
P1695,Kavya,Iyer,59,M,1967-10-15,XXXX-XXXX-6422,dd33557e0604,a7bcad94c295
P1696,Riya,Sharma,27,M,1999-06-25,XXXX-XXXX-9774,9043f12d5669,b00fab141083
P1697,Aditya,Nair,49,F,1977-01-22,XXXX-XXXX-1703,ed5785eb5779,45128eae21c6
P1698,Ira,Naidu,77,F,1949-11-05,XXXX-XXXX-8547,c53d35779afa,0b20f10126e2
P1699,Vivaan,Agarwal,33,M,1993-03-22,XXXX-XXXX-3146,b3690ec3b731,1ed4be56a3ad
P1700,Kavya,Pillai,1,F,2025-06-09,XXXX-XXXX-0787,8ff1b8cbfc03,cd4945abccf5
P1701,Aditya,Gupta,21,F,2005-02-02,XXXX-XXXX-0745,1f03027db115,ea303de6e083
P1702,Aadhya,Mehta,55,M,1971-11-02,XXXX-XXXX-7861,827deef5d772,d61856e00810
P1703,Aditya,Joshi,6,M,2020-12-23,XXXX-XXXX-1439,d8537a6f528a,8b31c03e5656
P1704,Shaurya,Singh,81,F,1945-02-06,XXXX-XXXX-4940,7761d72cd5f4,1ec259a4065f
P1705,Saanvi,Sharma,69,M,1957-07-11,XXXX-XXXX-7207,5eb6d6f2e8af,2068e2fca54b
P1706,Arjun,Patel,5,M,2021-01-27,XXXX-XXXX-7371,16188c7ab5c1,16a576954229
P1707,Saanvi,Das,3,M,2023-09-09,XXXX-XXXX-5775,01b9aca2c79b,b74d166055bd
P1708,Anika,Ghosh,53,F,1973-03-14,XXXX-XXXX-1480,8a0a3415d6b9,6caa04eeeee2
P1709,Sai,Patel,23,F,2003-11-22,XXXX-XXXX-3614,1e1f3501d5d1,b0e0597e95f9
P1710,Vivaan,Verma,53,M,1973-09-23,XXXX-XXXX-4309,bfd7fe787564,08d25b1b1f3c
P1711,Ira, Joshi,37,F,1989-10-18,XXXX-XXXX-7284,641551e912ad,9bd85e7923a9
P1711,Ira,Joshi,37,F,1989-05-01,XXXX-XXXX-9107,1e4b1de7872b,59e7d9528856
P1712,Krishna,Joshi,74,M,1952-12-07,XXXX-XXXX-2142,0b6b586306fd,e0afbc8b2e91
P1713,Kavya,Verma,74,F,1952-05-06,XXXX-XXXX-1449,f41076e6523c,ffd62a612028
P1714,Ira,Joshi,83,M,1943-05-19,XXXX-XXXX-3441,f7b6599663b1,7180cb52801b
P1715,Vivaan,Mishra,17,M,2009-07-14,XXXX-XXXX-7567,74328ddd1db4,e4c2ab64bd58
P1716,Shaurya,Mehta,85,F,1941-09-19,XXXX-XXXX-8529,18c5148caa47,756e6631dd18
P1717,Arjun,Pillai,78,M,1948-06-20,XXXX-XXXX-1041,ab351e41cd97,18b2f372ef64
P1718,Aditya,Joshi,73,F,1953-03-08,XXXX-XXXX-8287,68d0101ddcf1,5f4765218151
P1719,Shaurya,Ghosh,1,F,2025-02-08,XXXX-XXXX-2918,08d40ba13980,ad9ad6ac0b09
P1720,Anika,Agarwal,51,M,1975-05-27,XXXX-XXXX-7238,2f879ab8c17f,e3c263f1a56d
P1721,Kavya,Kulkarni,45,M,1981-08-16,XXXX-XXXX-2883,3d1566069f13,e9fdd69b7879
P1722,Shaurya,Naidu,77,F,1949-01-10,XXXX-XXXX-7662,97d65a7352aa,2a648e693d8f
P1723,Kavya,Iyer,4,M,2022-05-01,XXXX-XXXX-5277,de76ee8c23f4,bd33d82e45bf
P1724,Myra,Patel,62,M,1964-08-23,XXXX-XXXX-2595,c0c2feaed742,5a32308e14f0
P1725,Aadhya,Singh,65,M,1961-03-23,XXXX-XXXX-9884,0baeff531a71,716310bd79c0
P1726,Muhammad,Reddy,32,M,1994-04-25,XXXX-XXXX-1775,596bc49716c7,d91ed3702bdd
P1727,Aadhya,das,34,M,1992-11-27,XXXX-XXXX-1759,34e5d45a6204,5a78f52593d0
P1727,Aadhya,Das,34,M,1992-04-07,XXXX-XXXX-4774,37028aad0cc9,d7e22af30bb6
P1728,Ira, patel,72,F,1954-10-18,XXXX-XXXX-2056,b66db7d8f45f,6dd029a98210
P1728,Ira,Patel,72,F,1954-02-15,XXXX-XXXX-5982,38a8344ca5f3,b4168210a0b0
P1729,Aarav,Naidu,39,F,1987-06-01,XXXX-XXXX-3098,9ce70ae3dd01,e6714f01e056
P1730,Myra,Patel,26,M,2000-09-10,XXXX-XXXX-9389,f6a2c58cc35d,a5994ecba1ed
P1731,Krishna,Mishra,34,M,1992-03-07,XXXX-XXXX-4350,a3dd467b7248,57c32ed2e3d1
P1732,Ira,Reddy,54,M,1972-02-18,XXXX-XXXX-1699,a2471bc18f77,c33afb335925
P1733,Anika,Nair,3,F,2023-01-01,XXXX-XXXX-7430,26f3defed38e,745c8db4ec91
P1734,Aadhya,Naidu,50,M,1976-08-04,XXXX-XXXX-6821,7eba8de05318,7aa54e07f871
P1735,Aarav,Kulkarni,12,F,2014-10-02,XXXX-XXXX-0368,6c24ac4187c5,55eb277adfbe
P1736,Aarav,Naidu,65,F,1961-05-05,XXXX-XXXX-5593,ce77471f7f34,1a5986d445e8
P1737,Ishaan,Chatterjee,54,F,1972-09-10,XXXX-XXXX-3745,adde83506465,d3134a0713eb
P1738,Ananya,Pillai,5,M,2021-09-08,XXXX-XXXX-4132,5ef095054dce,d90e657c9c07
P1739,Sai,Pillai,57,F,1969-10-13,XXXX-XXXX-7044,d1e3ef6c7dc9,3608319930f9
P1740,Sara,Chatterjee,17,M,2009-03-22,XXXX-XXXX-0336,6b263aa80907,03a5b5ba2a87
P1741,Anika,Ghosh,47,F,1979-12-27,XXXX-XXXX-9305,29f889cc7543,82380f6d5eaa
P1742,Aditya,Mehta,23,M,2003-03-13,XXXX-XXXX-9984,5b5f7356ebc0,26a2c97b8bbd
P1743,Saanvi,Mishra,79,F,1947-05-12,XXXX-XXXX-9609,f1b02904a584,1f5647622890
P1744,Saanvi,Pillai,85,M,1941-01-15,XXXX-XXXX-7707,adbbd4865039,0b32202331b6
P1745,Muhammad,Kulkarni,14,F,2012-03-09,XXXX-XXXX-8517,584ebaa0363e,4289d599ea0d
P1746,Aarav,Mishra,66,M,1960-10-11,XXXX-XXXX-0287,20bb91563e3f,4e7f82c97c5c
P1747,Kavya,Joshi,75,M,1951-08-04,XXXX-XXXX-5118,3c9262625509,322615dce2dc
P1748,Sara,Singh,51,M,1975-06-11,XXXX-XXXX-2059,cc6dbb3433df,24793e79903b
P1749,Sara,Agarwal,38,M,1988-04-26,XXXX-XXXX-9019,19483814fc37,0981418647c3
P1750,Ananya,Verma,64,F,1962-12-14,XXXX-XXXX-9898,4da954d24dc3,bf71e8f80b90
P1751,Sai,Reddy,38,F,1988-06-08,XXXX-XXXX-3943,0cbc2f8c5264,ecf5e56a3120
P1752,Ira,Singh,50,M,1976-11-16,XXXX-XXXX-8815,5a5465050b79,04dd992e0f62
P1753,Diya,Reddy,82,F,1944-06-11,XXXX-XXXX-2944,c61fa14bed0c,38424e12c101
P1754,Arjun,Gupta,30,M,1996-05-25,XXXX-XXXX-0216,b7e9159431a1,4bb7e54fca43
P1755,Reyansh,Verma,79,M,1947-06-05,XXXX-XXXX-8866,ba9c23acdc9c,c5046f753cba
P1756,Ira,Nair,51,F,1975-07-21,XXXX-XXXX-0157,54ecc4ec9c48,e22caa480549
P1757,Anika,Ghosh,63,M,1963-07-11,XXXX-XXXX-9957,745639912bcd,3203f037c988
P1758,Shaurya,Agarwal,52,M,1974-09-28,XXXX-XXXX-9889,dc1a8a98a7f7,7a729d0290f7
P1759,Vivaan,Pillai,38,F,1988-02-12,XXXX-XXXX-4995,315f368351d2,f8236fa3959c
P1760,Sai,Agarwal,88,M,1938-03-04,XXXX-XXXX-9134,7e7e57c3416e,a70e88dbecbb
P1761,Myra,Joshi,79,M,1947-07-24,XXXX-XXXX-5349,5103e76cfcc3,93da3887cf90
P1762,Sara,Nair,30,M,1996-06-26,XXXX-XXXX-1241,7a42fdc74723,d8310fc1e117
P1763,Sara,Patel,51,M,1975-02-23,XXXX-XXXX-1506,33921b6dd2a1,6c63bcf56115
P1764,Myra,Gupta,81,F,1945-08-27,XXXX-XXXX-3472,fe278129d2b5,f3f4ad5bb84b
P1765,Saanvi,Gupta,5,F,2021-12-06,XXXX-XXXX-7893,566b98f59fe7,36b619e80927
P1766,Ira,Banerjee,29,F,1997-11-16,XXXX-XXXX-2434,4d60d0a6bb50,a5ec9087f133
P1767,Sai,Singh,4,M,2022-11-14,XXXX-XXXX-6753,8e56654e7330,c50e6bea6507
P1768,Krishna,Ghosh,10,M,2016-05-17,XXXX-XXXX-6304,b778a5b76522,af4a03077fb0
P1769,Aditya,Ghosh,56,F,1970-08-24,XXXX-XXXX-6404,06d8bc5937c3,a5482a918aff
P1770,Myra,Mehta,17,M,2009-06-05,XXXX-XXXX-3199,5b8144db6bc0,1ed618ed41db
P1771,Kavya,Reddy,74,M,1952-04-06,XXXX-XXXX-8358,7b2283c09097,c4dcff0c9655
P1772,Sai,Chatterjee,17,M,2009-09-04,XXXX-XXXX-3000,e0d39146df12,a55e2b8305e6
P1773,Saanvi,Singh,84,M,1942-11-13,XXXX-XXXX-0416,e8860ed7dfcf,4f909fbd3f04
P1774,Aditya,Ghosh,88,F,1938-04-27,XXXX-XXXX-2196,c58fdbb559c1,675aeeeb59e6
P1775,Kavya,Das,69,F,1957-07-10,XXXX-XXXX-1497,bbd93f8e724b,1bfd1a9ab67e
P1776,Ananya,Banerjee,34,F,1992-06-25,XXXX-XXXX-6076,64366322dcf5,2e6d9319f4cb
P1777,Arjun,Sharma,6,M,2020-03-26,XXXX-XXXX-9145,3426b9888772,9f885415ef3b
P1778,Krishna,Verma,53,F,1973-04-02,XXXX-XXXX-9789,d48301fa1452,f3144c6b1ae8
P1779,Muhammad,Naidu,66,F,1960-08-18,XXXX-XXXX-0438,5f38f899ef37,73e06d742294
P1780,Reyansh,Naidu,77,M,1949-01-06,XXXX-XXXX-6162,0e22da8f9a53,84bf208159c1
P1781,Arjun,Singh,43,M,1983-07-01,XXXX-XXXX-7286,b26b1c63c350,b8ecdacfa53b
P1781,ArjunSingh,,43,M,1983-10-23,XXXX-XXXX-2483,6cee01dc470f,39cbef89e4ee
P1782,Sara,Nair,75,F,1951-08-03,XXXX-XXXX-5622,5427d9419425,4590e14a2de3
P1783,Anika,Kulkarni,23,F,2003-02-12,XXXX-XXXX-9792,3d2b1adea712,2348c80564cf
P1784,Ira,Kulkarni,55,F,1971-09-21,XXXX-XXXX-9648,7d3682cb6c92,8f4af6631153
P1785,Aadhya,Kulkarni,80,F,1946-06-19,XXXX-XXXX-2896,91c359ad3fd1,18682a551e3e
P1786,Krishna,Verma,75,M,1951-08-28,XXXX-XXXX-9222,1ede3db3fd8f,6ebb173744d0
P1787,Reyansh,Mehta,16,F,2010-07-13,XXXX-XXXX-8138,f743c52a4bdc,54498a15dad5
P1788,Reyansh,Mishra,8,F,2018-08-16,XXXX-XXXX-4268,c705b16894bd,d0e4a923f05f
P1789,Anika,Ghosh,4,M,2022-07-12,XXXX-XXXX-3983,3154f4474708,e265e4aaa129
P1790,Sai,Banerjee,4,F,2022-01-20,XXXX-XXXX-1548,1c7164f3bf8e,600257e36f2c
P1791,Ananya,Joshi,56,M,1970-08-06,XXXX-XXXX-0797,a863b50591e5,ac85c0dd539e
P1792,Ishaan,Chatterjee,25,M,2001-06-04,XXXX-XXXX-1070,c45e47902b2a,5afaf2e7f606
P1793,Anika,Joshi,67,M,1959-02-07,XXXX-XXXX-0660,05bc2e4de1f9,5694c7013eeb
P1794,Krishna,Joshi,67,F,1959-05-09,XXXX-XXXX-8620,3406e8bb53b1,573716adee42
P1795,Sara,Chatterjee,27,F,1999-06-19,XXXX-XXXX-1212,1b0064979f9e,2e3f2b10311b
P1796,Diya,Agarwal,32,M,1994-12-10,XXXX-XXXX-2406,721b97c074d2,2bc367fcf44c
P1797,Anika,Joshi,50,F,1976-02-16,XXXX-XXXX-4474,fd0f04aa76c8,f458c6653b5a
P1798,Aarav,Mishra,61,F,1965-11-26,XXXX-XXXX-9365,a7a77a823944,ec5e71acbab0
P1799,Muhammad,Singh,51,M,1975-09-22,XXXX-XXXX-7401,b5c9019c41ab,e0424d77e004
P1800,Reyansh,Joshi,19,M,2007-03-14,XXXX-XXXX-5150,0843674fbf7f,1da7d4765956
P1801,Arjun,Sharma,21,F,2005-10-19,XXXX-XXXX-0797,94a25db85294,2cb93cfe9399
P1802,Myra,Gupta,5,M,2021-07-14,XXXX-XXXX-0381,d9efc07ed2ae,c52e51ce5a69
P1803,Krishna,Singh,82,F,1944-01-03,XXXX-XXXX-9225,01f2cc328634,2540ffa3b03f
P1804,Muhammad,Banerjee,42,F,1984-03-08,XXXX-XXXX-2441,9ce0801f93bd,c3f6a9837173
P1805,Kavya,Patel,61,F,1965-12-07,XXXX-XXXX-1786,d7843f6b7a17,0bc81aef755e
P1806,Sai,Ghosh,22,F,2004-07-18,XXXX-XXXX-5469,372017c209fa,312418f1b142
P1807,Aadhya,Kulkarni,21,M,2005-10-25,XXXX-XXXX-5809,8a5d20cc7c6e,dd9fcc547d69
P1807,Aadhya,Kulkarni,21,M,2005-07-05,XXXX-XXXX-1562,5e2c2d75417a,14e734b6c94d
P1808,Aditya,Joshi,70,M,1956-11-24,XXXX-XXXX-1715,8bc9dea99dca,61855d261edb
P1809,Diya,Mishra,1,M,2025-01-10,XXXX-XXXX-0766,08398e9531a2,651392c77e5d
P1810,Ishaan,Naidu,5,M,2021-09-25,XXXX-XXXX-5126,d6e7870f771e,4e859907785e
P1811,Muhammad, Banerjee,12,F,2014-01-04,XXXX-XXXX-6074,ea046f874ee3,511c76b3dfbc
P1811,Muhammad, Bbanerjee,12,F,2014-06-14,XXXX-XXXX-8424,a13982a3feb2,9e202c9d20f6
P1811,Muhammad,Banerjee,12,F,2014-02-05,XXXX-XXXX-3218,a95ef358fd67,5f68fa0b9bb5
P1812,Muhammad,Patel,46,F,1980-01-05,XXXX-XXXX-0155,54208924507b,33eb7edb44f2
P1813,Kavya,Joshi,34,M,1992-04-19,XXXX-XXXX-4161,20fa701f7097,0799a1fb028d
P1814,Reyansh,Pillai,49,F,1977-09-22,XXXX-XXXX-6424,d21e73938538,0ad615309359
P1815,Myra,Agarwal,78,F,1948-11-11,XXXX-XXXX-4479,eb720f0c78ea,b19fc0b7e845
P1816,Shaurya,Joshi,45,F,1981-09-13,XXXX-XXXX-9695,6df4f4b25b4c,036b045a2957
P1817,Reyansh,Patel,27,M,1999-07-02,XXXX-XXXX-8264,119e929622cb,174e67d0f2c6
P1818,Aditya,Das,73,M,1953-01-05,XXXX-XXXX-4577,dcf2a2d9e24b,31a7c2e25c6c
P1819,Vivaan,Joshi,26,M,2000-07-20,XXXX-XXXX-3682,a0090c30e063,c996328fff75
P1820,Myra,Banerjee,47,F,1979-07-20,XXXX-XXXX-8653,1413dd24392c,8abc582778e2
P1821,Aadhya,Pillai,86,M,1940-08-06,XXXX-XXXX-6774,caec4d3c6e0c,667d07be57e0
P1822,Ira,Agarwal,56,M,1970-11-01,XXXX-XXXX-6663,b2df31442c9d,a4ad7c12cb94
P1823,Reyansh,Banerjee,63,M,1963-10-21,XXXX-XXXX-5932,38aeb6e0c1a0,43a57abe73c5
P1824,Ira,Agarwal,48,M,1978-12-07,XXXX-XXXX-5327,74e8a91c27e4,e46492afdc90
P1825,Ishaan,Iyer,61,M,1965-09-21,XXXX-XXXX-7327,d366689b7200,7707126fbaf3
P1826,Ananya,Agarwal,81,M,1945-12-18,XXXX-XXXX-6164,53b8f78b4412,2e746481a653
P1827,Ananya,Khan,26,F,2000-03-28,XXXX-XXXX-7611,5c08916dc8eb,46128cc36aa5
P1828,Reyansh,Banerjee,36,F,1990-08-23,XXXX-XXXX-4151,7eab7f20fbc5,13a1ef12937a
P1829,Ananya,Reddy,1,M,2025-03-17,XXXX-XXXX-4902,4a39bc480251,4f06d4b32365
P1830,Myra,Joshi,8,M,2018-12-26,XXXX-XXXX-7742,85ac38d26958,78256c417803
P1831,Diya,Banerjee,52,F,1974-06-24,XXXX-XXXX-2904,05723b124770,4c98b3888214
P1832,Kavya,Banerjee,79,F,1947-09-16,XXXX-XXXX-5672,973414d2f212,0d2e79574d4c
P1833,Aadhya,Das,47,M,1979-06-16,XXXX-XXXX-4913,e740961a7b70,99b002a6a10e
P1834,Riya,Singh,56,M,1970-09-28,XXXX-XXXX-8148,09b7f33e36a8,ce8798b532c1
P1835,Ishaan,Naidu,86,M,1940-01-20,XXXX-XXXX-3372,ae0c7696463e,3515cb97180f
P1836,Saanvi,Chatterjee,14,M,2012-08-04,XXXX-XXXX-3997,bfc9f03d5049,4e5b94be9948
P1837,Ananya,Gupta,28,F,1998-10-16,XXXX-XXXX-1893,5c5406d1b1c3,101ba361dc8a
P1838,Ishaan,Kulkarni,87,M,1939-08-21,XXXX-XXXX-4694,9a528c945e37,99bd6db8cb9b
P1839,Ishaan,Nair,78,M,1948-11-15,XXXX-XXXX-4884,7ce5f61fcc6f,a6bee87cd05c
P1840,Aditya,Joshi,88,M,1938-06-21,XXXX-XXXX-6417,fd81b9227c40,82556b096cf9
P1841,Diya,Das,2,M,2024-04-19,XXXX-XXXX-7149,94ecec27df09,9d9076757b60
P1842,Ira,Banerjee,26,F,2000-04-09,XXXX-XXXX-7964,c0b3478631a2,d7c50576d83c
P1843,Vivaan,Patel,14,F,2012-07-02,XXXX-XXXX-9660,4a1d9ef303d0,4ac61b6561cc
P1844,Vivaan,Pillai,59,F,1967-07-11,XXXX-XXXX-5056,f0c2a5a6ec62,02e0ca54fff4
P1845,Aadhya,Sharma,56,M,1970-08-02,XXXX-XXXX-2579,b55c3d07300e,1a6992f9bb8b
P1846,Vivaan,Verma,7,M,2019-05-04,XXXX-XXXX-4857,7d157d5d81f2,9a0aa60f9d51
P1847,Ananya,Agarwal,3,F,2023-04-11,XXXX-XXXX-3817,527109cee2d2,a32c0934739a
P1848,Kavya,Reddy,23,M,2003-04-15,XXXX-XXXX-3257,9a30ef0a6fd4,5d18b1340ada
P1849,Anika,Nair,18,M,2008-01-17,XXXX-XXXX-6708,7bc0a21e05a9,257099a7e1b5
P1850,Aarav,Agarwal,38,F,1988-02-18,XXXX-XXXX-5119,d7a11f1d2ea6,8bd55179f7af
P1851,Reyansh,Patel,15,F,2011-11-11,XXXX-XXXX-4772,bb9c368cf091,a0565682b265
P1852,Sai,Gupta,64,F,1962-01-01,XXXX-XXXX-4096,eee193cf0924,9efd0d17b3a7
P1853,Diya,Agarwal,89,F,1937-04-25,XXXX-XXXX-9592,b596b0fc560c,5c5660c9e65a
P1854,Kavya,Banerjee,28,M,1998-04-22,XXXX-XXXX-5155,74229ce07340,8bd5f690363b
P1855,Muhammad,Naidu,74,M,1952-08-28,XXXX-XXXX-7160,04d2db750b3f,760aab124977
P1856,Diya,Khan,39,F,1987-12-17,XXXX-XXXX-1289,d4eec5df9b25,a3bf4a763259
P1857,Ira,Khan,57,M,1969-08-09,XXXX-XXXX-3185,4d2ee77f3415,878912fa1c2b
P1858,Myra,Gupta,17,F,2009-04-23,XXXX-XXXX-4164,784059942310,1c7d2cc3a46f
P1858,myra,Gupta,17,F,2009-03-23,XXXX-XXXX-0282,347980683720,44224ef215b7
P1859,Shaurya,Khan,86,F,1940-12-26,XXXX-XXXX-2282,fb685fb873f5,d3eab22d6e25
P1860,Sara,Chatterjee,44,M,1982-06-01,XXXX-XXXX-9500,3058718046f3,24eb00f74493
P1861,Ananya,Mishra,25,F,2001-04-03,XXXX-XXXX-2105,488aa3338ace,2c03680fa055
P1862,Diya,Joshi,17,M,2009-03-11,XXXX-XXXX-4774,7aaa80749239,b51716e322f7
P1863,Diya,Agarwal,13,M,2013-12-04,XXXX-XXXX-2231,c1970b81eaf9,395c779f549a
P1864,Anika,Singh,84,M,1942-05-25,XXXX-XXXX-9889,cc7fb3cc6e57,4598c67df662
P1865,Ishaan,Mehta,25,M,2001-03-13,XXXX-XXXX-0203,f3b235459b7c,59ddae6e5c09
P1866,Ishaan,Gupta,68,F,1958-08-04,XXXX-XXXX-7948,d70977c0dd13,14d1dc59f711
P1867,Kavya,Das,10,M,2016-07-21,XXXX-XXXX-8415,db9fbc934e43,f7fb9028c635
P1868,Myra,Patel,67,F,1959-02-28,XXXX-XXXX-4768,7e282028e833,e020dbaaecaf
P1869,Ira,Reddy,18,F,2008-09-02,XXXX-XXXX-9298,c180dc58b4b8,acfc47b87d16
P1870,Reyansh,Patel,86,F,1940-07-28,XXXX-XXXX-3289,e3cedc588637,d9f3952f5066
P1871,Ananya,Kulkarni,34,F,1992-05-23,XXXX-XXXX-2401,8409f89192b9,2018b2b2a829
P1872,Krishna,Joshi,8,M,2018-11-14,XXXX-XXXX-2362,3834c0413dc6,19f94ad56261
P1873,Shaurya,Reddy,40,M,1986-11-09,XXXX-XXXX-2372,e7995a01212c,a3380343e925
P1874,Muhammad,Naidu,83,F,1943-12-20,XXXX-XXXX-7418,e175e38aa95c,14abcb017f8d
P1875,Ishaan, Agarwal,42,F,1984-04-17,XXXX-XXXX-9274,c3089b54597b,d33f14be8a08
P1875,Ishaan,Agarwal,42,F,1984-11-17,XXXX-XXXX-1444,17ed9c74ec62,933d623dfce8
P1876,Arjun,Ghosh,41,M,1985-11-09,XXXX-XXXX-7396,d986dd7f4ab8,3c91c3486aa0
P1877,Ananya,Khan,6,F,2020-02-04,XXXX-XXXX-1919,debeb3128dee,80dc71f10f30
P1878,Kavya,Sharma,52,M,1974-11-01,XXXX-XXXX-8066,b62bc3c79a5b,aa1060f681d3
P1879,Arjun,Kulkarni,26,F,2000-08-26,XXXX-XXXX-5534,e14439d04bd9,04da9ad30a28
P1880,Reyansh,Khan,64,M,1962-06-20,XXXX-XXXX-2715,946d8c8af5a8,dd2ba6a63018
P1881,Shaurya,Gupta,59,F,1967-06-11,XXXX-XXXX-6347,c32a5c022e6e,305f8c9d777d
P1882,Krishna,Ghosh,56,F,1970-09-06,XXXX-XXXX-8848,af3f90c42f56,4556ef54e246
P1883,Riya,Chatterjee,59,M,1967-02-28,XXXX-XXXX-5626,73e512b4cd22,26d3b4008ded
P1884,Ananya,Chatterjee,70,F,1956-04-15,XXXX-XXXX-7333,5bf459afaed9,d64c7e3b0662
P1885,Ira,Chatterjee,33,F,1993-03-28,XXXX-XXXX-8936,349fabbf23c3,aca77b6e316a
P1886,Diya,Pillai,53,M,1973-02-23,XXXX-XXXX-3585,2a4144a4c84c,66b1aaa88eee
P1887,Ira,Gupta,22,F,2004-12-12,XXXX-XXXX-5193,07a18e10376f,be6882954f19
P1888,Muhammad,Naidu,21,M,2005-09-15,XXXX-XXXX-6120,c254fb15d9d9,a517ae1a5f47
P1889,Aadhya,Patel,70,M,1956-12-25,XXXX-XXXX-0976,0a9ada0a7f56,4cf0816f2d71
P1889,AadhyapPatel,,70,M,1956-06-28,XXXX-XXXX-6289,1623e23a9efd,856c652ebe70
P1890,Reyansh,Sharma,70,F,1956-03-27,XXXX-XXXX-2339,7113021b8b3e,7c39437f7b1f
P1891,Shaurya,Banerjee,4,F,2022-06-06,XXXX-XXXX-6672,a1dd57a3eb0a,7eb8a0d52a78
P1892,Aadhya,Mehta,75,F,1951-06-15,XXXX-XXXX-3351,0eb6f4b2ad9f,78b460e33e5d
P1893,Ananya,Nair,62,F,1964-07-10,XXXX-XXXX-8005,1bb121a71dbb,65f57501f606
P1894,Krishna,Naidu,62,F,1964-10-06,XXXX-XXXX-1295,57f2a4c534bb,2018c20ba035
P1895,Riya,Kulkarni,24,F,2002-10-17,XXXX-XXXX-4152,9f88295b1d3e,2abb1b67c467
P1896,Saanvi,Khan,55,F,1971-06-08,XXXX-XXXX-7181,96f4a8f29a67,26165e690266
P1897,Krishna,Mehta,9,M,2017-09-19,XXXX-XXXX-1815,0b5c4321748c,4ac76ae7028c
P1898,Shaurya,Singh,3,F,2023-02-16,XXXX-XXXX-6666,4f71d7907208,4c874e1b5b10
P1899,Shaurya,Ghosh,31,M,1995-02-10,XXXX-XXXX-0803,067c2f2de66d,02f75ccb9067
P1900,Riya,Iyer,40,F,1986-12-17,XXXX-XXXX-5806,3b9b559e3987,8d9fef7a758b
P1901,Aarav,Patel,36,F,1990-10-21,XXXX-XXXX-1373,1a3c01a03b91,638348d07df3
P1902,Vivaan,Pillai,24,M,2002-01-05,XXXX-XXXX-6356,3cf824ae6031,b794fd95f294
P1903,Aarav,Nair,6,F,2020-04-27,XXXX-XXXX-6664,7a77921c3deb,2f08b9f7394c
P1904,Shaurya,Joshi,66,F,1960-03-18,XXXX-XXXX-1271,dd33c9bde412,5ff741cfd8fa
P1905,Vivaan, Pillai,84,M,1942-02-18,XXXX-XXXX-1163,8d118b7fabff,4f9f2a8221c4
P1905,Vivaan,Pillai,84,M,1942-04-14,XXXX-XXXX-6211,54bca19c3988,e6e7091e36a4
P1906,Sai,Chatterjee,75,F,1951-06-28,XXXX-XXXX-0902,0fe5a6762b72,b18c2b89d8b6
P1907,Sai,Sharma,4,F,2022-06-22,XXXX-XXXX-1323,877ef3626ad7,8c81e08e73d1
P1908,Aadhya,Sharma,79,F,1947-11-03,XXXX-XXXX-8501,b5de53cb5eba,89213a473d8e
P1909,Ananya,Chatterjee,6,M,2020-07-25,XXXX-XXXX-6090,b6f91c3ca9e9,8e9c4649fe7b
P1910,Krishna,Sharma,51,F,1975-12-08,XXXX-XXXX-4967,24478762d936,8315018a2ef6
P1911,Shaurya,Joshi,62,F,1964-03-12,XXXX-XXXX-4264,e40d06b93e95,af0314e03acf
P1912,Diya, kulkarni,57,F,1969-07-14,XXXX-XXXX-2536,f5c78c901ab4,50cdb4e09d08
P1912,Diya,Kulkarni,57,F,1969-10-07,XXXX-XXXX-3333,1b4893c350fa,b19c994e8c68
P1913,Ananya,Nair,66,F,1960-10-14,XXXX-XXXX-1874,e44a483acfd8,d19c939bdac5
P1914,Diya,Banerjee,79,M,1947-11-06,XXXX-XXXX-0369,e3ecce1d5051,f43c89d6518c
P1915,Sai,Patel,75,M,1951-10-17,XXXX-XXXX-2759,e713056c97b1,a7a3836067df
P1916,Myra,Das,8,F,2018-05-27,XXXX-XXXX-5323,83da40cc6b2e,9518a5a9bac8
P1917,Krishna,Gupta,26,F,2000-03-14,XXXX-XXXX-1822,cfe7e275267f,da938448c8b2
P1918,Ananya,Ghosh,51,M,1975-08-13,XXXX-XXXX-1026,9658ad3dd71a,2fdfc4c2181a
P1919,Aarav,Iyer,45,M,1981-06-03,XXXX-XXXX-0795,8907faeda31a,75ef474e7357
P1920,Reyansh,Agarwal,44,F,1982-08-01,XXXX-XXXX-4159,b0251c838221,96509d01737e
P1921,Ishaan,Chatterjee,5,M,2021-12-10,XXXX-XXXX-5203,7974c2f6be78,8ccefeef83ae
P1922,Aditya,Ghosh,70,F,1956-01-10,XXXX-XXXX-2909,68de5992805f,37e0f6a646e8
P1923,Sai,Gupta,26,M,2000-06-24,XXXX-XXXX-6652,f85da765f5bf,9d670e5b20ab
P1924,Anika,Reddy,68,M,1958-02-06,XXXX-XXXX-0213,520c9976b632,e878f1a20dd6
P1925,Diya,Naidu,19,M,2007-11-28,XXXX-XXXX-1297,d57c419b6ec4,662f59b3e305
P1926,Krishna,Iyer,84,M,1942-01-23,XXXX-XXXX-0633,795d514c1831,31a2b7fd47d3
P1927,Sai,Reddy,20,F,2006-03-17,XXXX-XXXX-4907,d7557f5469fc,9f5ff2ed150c
P1928,Shaurya,Agarwal,12,M,2014-03-13,XXXX-XXXX-3253,fd35a2c61963,11dd5c2d5f7d
P1929,Aarav,Sharma,47,M,1979-03-03,XXXX-XXXX-8044,d83705b23c24,6e64c5d0e880
P1930,Vivaan,Gupta,1,F,2025-11-03,XXXX-XXXX-5959,e19c2974759f,51a9af95d0ba
P1931,Arjun, Verma,14,M,2012-10-06,XXXX-XXXX-5833,cb66e8501c99,6ea86bab8954
P1931,Arjun,Verma,14,M,2012-03-26,XXXX-XXXX-2660,db2607daefe0,aac012addc91
P1932,Ira,Gupta,64,M,1962-07-16,XXXX-XXXX-2310,3e83203f408c,897132c75bb8
P1933,Ira,Khan,38,F,1988-12-16,XXXX-XXXX-3379,f551dd204940,60ff24a31501
P1934,Shaurya,Verma,37,M,1989-08-26,XXXX-XXXX-4238,364cd90dcc8d,c437353af7f5
P1935,Myra,Kulkarni,11,F,2015-05-11,XXXX-XXXX-1928,7892334773f7,daa7211d009b
P1936,Riya,Verma,77,F,1949-11-16,XXXX-XXXX-3535,f49d63726b3f,095a87d96faa
P1937,Anika,Gupta,3,F,2023-08-01,XXXX-XXXX-3379,2d5a3057080c,f72777451aa2
P1938,Reyansh,Joshi,33,F,1993-04-26,XXXX-XXXX-4176,85fd95768353,4f517e36e490
P1939,Reyansh,Mishra,6,M,2020-06-16,XXXX-XXXX-7824,d47db1d99d86,e5d7dfac1c84
P1940,Reyansh,Reddy,50,F,1976-07-23,XXXX-XXXX-8436,60c89a672f2b,d2887009d32d
P1941,Riya,Naidu,10,M,2016-09-06,XXXX-XXXX-7276,e368f34e2a42,7cb64495e248
P1942,Riya,Pillai,5,M,2021-06-01,XXXX-XXXX-4292,71140fdb3bb3,f41ccfbf2de1
P1943,Shaurya,Naidu,23,M,2003-06-20,XXXX-XXXX-6562,b6ee0c6b3b56,0e63b2ed8769
P1944,Riya,Gupta,10,M,2016-09-06,XXXX-XXXX-1221,2c9db39c9810,547fe5e74961
P1944,RiyaGupta,,10,M,2016-07-21,XXXX-XXXX-6808,8d1e9a343523,abc858709e38
P1945,Riya,Verma,44,M,1982-11-27,XXXX-XXXX-0800,47529e711f8a,3ebe80e26de0
P1946,Aditya,Mehta,2,M,2024-05-16,XXXX-XXXX-6608,ac10338d7c4b,d00f537c1a7d
P1947,Muhammad,Sharma,13,M,2013-10-12,XXXX-XXXX-7051,cec5caa4550f,6e3a638a3f98
P1948,Ishaan,Verma,40,M,1986-04-25,XXXX-XXXX-5862,885a9a476f27,d472991d7ab7
P1949,Saanvi,Ghosh,2,M,2024-04-06,XXXX-XXXX-7986,611aea8e9fbc,4a92fcdbdf3a
P1950,Arjun,Mehta,84,M,1942-10-27,XXXX-XXXX-5703,681a49f112d2,85d8d0b03f2e
P1951,Vivaan,Banerjee,65,F,1961-10-25,XXXX-XXXX-6576,676676052273,0e497e2fa836
P1952,Myra,Das,63,F,1963-05-01,XXXX-XXXX-0900,f3d7d715512d,776df66d4b14
P1953,Kavya,Iyer,73,F,1953-11-01,XXXX-XXXX-5146,da2aaf16e841,2fb1bcfef385
P1954,Anika,Agarwal,17,M,2009-12-08,XXXX-XXXX-2011,97a11f39bf75,129fb88699a4
P1955,Aarav,Das,9,F,2017-07-27,XXXX-XXXX-6007,65059a221ce8,14cd2bf01ad7
P1956,Aarav,Iyer,75,F,1951-04-23,XXXX-XXXX-4043,8772790bc1a9,e459ecf18522
P1957,Ishaan,Verma,15,F,2011-08-27,XXXX-XXXX-5195,f58aa1b150a7,6c0d6e87c691
P1958,Arjun,Ghosh,24,M,2002-06-25,XXXX-XXXX-9657,226ce3c7e444,afa20a4dd7ca
P1959,Sai,Khan,38,M,1988-08-25,XXXX-XXXX-2557,d89f7ee11f21,fe26ff21a859
P1960,Kavya,Mishra,35,M,1991-07-04,XXXX-XXXX-2361,237c92e50602,14f46c83af32
P1961,Muhammad,Iyer,49,M,1977-09-13,XXXX-XXXX-7155,50e41ce1c32c,d9a7787fe806
P1962,Krishna,Singh,69,F,1957-03-03,XXXX-XXXX-0817,00085573a0ba,69c8c201d903
P1963,Sara,Pillai,62,F,1964-03-27,XXXX-XXXX-0413,acb8cd7254f7,d6e9c240a4b4
P1964,Shaurya,Verma,60,F,1966-05-14,XXXX-XXXX-5653,4b6262c8d7f7,4e3a6a52f6f9
P1965,Aarav,Banerjee,50,F,1976-09-25,XXXX-XXXX-0476,3d9e8df509ff,af5230e794a3
P1966,Riya,Singh,78,M,1948-02-03,XXXX-XXXX-1748,c24976a5a01b,11c8ea81aaad
P1967,Ananya,Iyer,75,M,1951-07-04,XXXX-XXXX-8739,fecea918f9c2,5ab2381ebb75
P1968,Shaurya,Patel,9,M,2017-05-19,XXXX-XXXX-9680,ecd3d32a1aa7,0dbacd32471c
P1969,Shaurya,Chatterjee,34,F,1992-08-16,XXXX-XXXX-1213,5833d45361d9,eca7160ede46
P1970,Vivaan,Verma,76,M,1950-02-06,XXXX-XXXX-7371,e68c068c8626,5eacceba2e92
P1971,Vivaan,Ghosh,35,M,1991-07-16,XXXX-XXXX-8581,a7b668e17e7b,acf1ab3a3e5f
P1972,Aditya,Joshi,1,F,2025-02-01,XXXX-XXXX-6832,af8292782c5a,f6a838e1970a
P1973,Kavya,Mishra,40,F,1986-02-18,XXXX-XXXX-1296,1b0d26bc3293,8d66357ebe62
P1974,Kavya,Mishra,64,M,1962-10-17,XXXX-XXXX-0184,c62c0482be6d,7263332551f9
P1975,Riya,Patel,22,M,2004-07-18,XXXX-XXXX-7312,0bcc6a35eaa1,27be53f56c6b
P1976,Reyansh,Khan,60,M,1966-04-27,XXXX-XXXX-2365,13c1d26ee575,822ff47c6b1c
P1977,Shaurya,Joshi,64,M,1962-08-20,XXXX-XXXX-7932,f250b5227c22,579b5127c92f
P1978,Vivaan,Sharma,72,M,1954-09-03,XXXX-XXXX-9061,f7c8ce0a0491,51808c607d31
P1979,Kavya,Gupta,11,M,2015-08-13,XXXX-XXXX-5478,7539077e4d1f,a34d007d31b8
P1980,Arjun,Ghosh,14,F,2012-10-17,XXXX-XXXX-4444,1a544aa896da,b78c0f15b51d
P1981,Diya,Gupta,60,F,1966-07-22,XXXX-XXXX-6449,67ea9e73c686,27917831e696
P1982,Aadhya,Das,30,F,1996-12-24,XXXX-XXXX-9821,0c5f04ccd958,946943908ebe
P1982,Aadhya,Das,30,F,1996-06-05,XXXX-XXXX-4978,961af4a8ba2c,a809a2f9d42d
P1983,Muhammad,Khan,35,M,1991-05-17,XXXX-XXXX-7789,825b599c9591,2900a058c9e9
P1984,Ishaan,Singh,85,F,1941-03-04,XXXX-XXXX-6512,261a5a2ca768,19cee9382564
P1985,Aadhya,Nair,37,M,1989-01-01,XXXX-XXXX-6309,3c4f5e2086ca,3a5a767e2e53
P1985,AadhyaNair,,37,M,1989-04-05,XXXX-XXXX-9485,1708f349f504,5926a77c8497
P1986,Diya,Khan,5,M,2021-08-04,XXXX-XXXX-1994,34c2e2e688b7,dbd0b4fc7fca
P1987,Saanvi,Patel,83,F,1943-07-19,XXXX-XXXX-1034,e78c67fe138e,e31eeff8a383
P1988,Kavya,Iyer,78,M,1948-09-25,XXXX-XXXX-6960,c5e260177fb1,a5c1060720df
P1989,Reyansh,Chatterjee,26,M,2000-04-12,XXXX-XXXX-9679,2876fa13e9cb,8d70a8be991c
P1990,Arjun,Agarwal,62,F,1964-07-20,XXXX-XXXX-4343,34b39dd22bf2,83b9b100f4ad
P1991,Aarav,Sharma,4,F,2022-07-24,XXXX-XXXX-5607,0b0ee47f9bd0,15704760b58d
P1991,Aarav,Shhharma,4,F,2022-11-17,XXXX-XXXX-2239,8f041d0130f1,8f1157579c1a
P1992,Diya,Singh,89,F,1937-09-09,XXXX-XXXX-8041,b331e8520bb4,9b82071d5b8d
P1993,Muhammad,Naidu,42,M,1984-10-02,XXXX-XXXX-8131,36114c8a27cf,1081e640d8e2
P1994,Diya,Kulkarni,89,F,1937-03-18,XXXX-XXXX-1114,e99aa734d568,9d20b24651d4
P1994,DiyaKulkarni,,89,F,1937-09-17,XXXX-XXXX-2480,a71fe0a4ad2e,55530d39d743
P1995,Arjun,Verma,18,F,2008-08-06,XXXX-XXXX-9473,a36e2ac6fb24,0d8772584f52
P1996,Ira,Nair,40,M,1986-09-24,XXXX-XXXX-8768,b14774586a2c,c6a8446f0a6f
P1997,Aadhya,Reddy,72,F,1954-01-07,XXXX-XXXX-2872,642f73b079da,28fa14b30bf9
P1998,Shaurya,Kulkarni,39,F,1987-04-14,XXXX-XXXX-5730,a1b7ca7633d7,ece1cc0aa56c
P1999,Ananya,Pillai,14,F,2012-12-15,XXXX-XXXX-4767,56ee74e551d3,07ebe565e4dc
P1999,AnanyaPillai,,14,F,2012-11-28,XXXX-XXXX-0576,911fbbb5e71c,ca34280a7968
